"353230295","BIA£YSTOK","2018","01","01",6.8,"",.8,"",5.4,"",-.9,"",.4,"","W",0,"9",.0,"9",.0,"9",5.2,"",.0,"9",.0,"9",.0,"9",.0,"9",12.3,"",.0,"9",.0,"9",.0,"9",.0,"9",.0,"9",.0,"9",.0,"9",.0,"9",.0,"9",.0,"9",0,"",0,"","R",0,"9",0,"9",0,"8"
"353230295","BIA£YSTOK","2018","01","02",6.2,"",-.7,"",1.6,"",-5.0,"",.0,"9","",0,"9",.0,"9",.0,"9",.0,"9",.0,"9",.0,"9",.0,"9",18.0,"",6.0,"",.0,"9",.0,"9",.0,"9",.0,"9",.0,"9",.0,"9",.0,"9",.0,"9",.0,"9",.0,"9",0,"",0,"","Z",1,"",0,"9",0,"8"
"353230295","BIA£YSTOK","2018","01","03",3.1,"",1.0,"",2.0,"",-1.2,"",.6,"","W",0,"9",.0,"9",.3,"",5.3,"",.0,"9",.0,"9",.0,"9",6.3,"",11.0,"",.0,"9",.0,"9",.0,"9",.0,"9",.0,"9",.0,"9",.0,"9",.0,"9",1.7,"",.0,"9",0,"",0,"","R",0,"9",0,"9",0,"8"
"353230295","BIA£YSTOK","2018","01","04",5.7,"",1.2,"",3.8,"",-.6,"",.2,"","W",0,"9",.0,"9",.1,"",5.8,"",.0,"9",.0,"9",.0,"9",.0,"9",7.5,"",.0,"9",.0,"9",.0,"9",.0,"9",.0,"9",.0,"9",.0,"9",.0,"9",.0,"9",.0,"9",0,"",0,"","R",0,"9",0,"9",0,"8"
"353230295","BIA£YSTOK","2018","01","05",5.9,"",1.5,"",3.8,"",-1.1,"",3.1,"","W",0,"9",.0,"9",.0,"9",5.8,"",.0,"9",.0,"9",.0,"9",.0,"9",4.3,"",.0,"9",.0,"9",.0,"9",.0,"9",.0,"9",.0,"9",.0,"9",.0,"9",.0,"9",.0,"9",0,"",0,"","R",0,"9",0,"9",0,"8"
"353230295","BIA£YSTOK","2018","01","06",6.1,"",.7,"",3.9,"",-1.0,"",.0,"9","",0,"9",.0,"9",1.0,"",.0,"9",.0,"9",.0,"9",.0,"9",1.2,"",12.7,"",.0,"9",.0,"9",.0,"9",.0,"9",.0,"9",.0,"9",.0,"9",.0,"9",.0,"9",.0,"9",0,"",0,"","R",0,"9",0,"9",0,"8"
"353230295","BIA£YSTOK","2018","01","07",3.9,"",-2.0,"",.1,"",-5.7,"",.0,"9","",0,"9",.0,"9",.0,"9",.0,"9",.0,"9",.0,"9",.0,"9",1.8,"",9.8,"",.0,"9",.0,"9",.0,"9",.0,"9",.0,"9",.0,"9",.0,"9",.0,"9",.0,"9",6.0,"",0,"",0,"","R",0,"9",0,"9",0,"8"
"353230295","BIA£YSTOK","2018","01","08",-.2,"",-6.7,"",-3.5,"",-11.4,"",.0,"9","",0,"9",.0,"9",3.8,"",.0,"9",.0,"9",.0,"9",.0,"9",.0,"9",8.2,"",.0,"9",.0,"9",.0,"9",.0,"9",.0,"9",.0,"9",.0,"9",.0,"9",.0,"9",19.0,"",0,"",0,"","Z",11,"",0,"9",0,"8"
"353230295","BIA£YSTOK","2018","01","09",-2.3,"",-7.4,"",-5.0,"",-10.8,"",.0,"9","",0,"9",.0,"9",.0,"9",.0,"9",.0,"9",.0,"9",.0,"9",10.7,"",11.6,"",21.5,"",.0,"9",.0,"9",.0,"9",.0,"9",.0,"9",.0,"9",.0,"9",.0,"9",2.5,"",0,"",0,"","Z",15,"",0,"9",0,"8"
"353230295","BIA£YSTOK","2018","01","10",-1.8,"",-5.7,"",-3.5,"",-9.2,"",.0,"","W",0,"9",.0,"9",.8,"",.0,"9",.0,"9",.0,"9",.0,"9",.0,"9",.0,"9",14.5,"",.0,"9",.0,"9",.0,"9",.0,"9",.0,"9",.0,"9",.0,"9",.0,"9",6.0,"",0,"",0,"","Z",17,"",0,"9",0,"8"
"353230295","BIA£YSTOK","2018","01","11",-.8,"",-3.8,"",-2.4,"",-5.7,"",.0,"","W",0,"9",.0,"9",.0,"9",.3,"",.0,"9",.0,"9",.0,"9",.0,"9",12.6,"",.0,"9",4.0,"",.0,"9",.0,"9",.0,"9",.0,"9",.0,"9",.0,"9",.0,"9",14.8,"",0,"",0,"","Z",18,"",0,"9",0,"8"
"353230295","BIA£YSTOK","2018","01","12",-2.0,"",-4.8,"",-2.9,"",-5.3,"",.0,"9","",0,"9",.0,"9",.0,"9",.0,"9",.0,"9",.0,"9",.0,"9",.0,"9",3.5,"",.0,"9",.0,"9",.0,"9",.0,"9",.0,"9",.0,"9",.0,"9",.0,"9",.0,"9",7.0,"",0,"",0,"","Z",19,"",0,"9",0,"8"
"353230295","BIA£YSTOK","2018","01","13",-1.6,"",-6.6,"",-5.0,"",-8.8,"",.0,"9","",0,"9",.0,"9",1.9,"",.0,"9",.0,"9",.0,"9",.0,"9",.0,"9",.0,"9",.0,"9",.0,"9",.0,"9",.0,"9",.0,"9",.0,"9",.0,"9",.0,"9",.0,"9",17.0,"",0,"",0,"","Z",20,"",0,"9",0,"8"
"353230295","BIA£YSTOK","2018","01","14",-6.0,"",-7.7,"",-7.3,"",-8.2,"",.0,"","S",0,"9",.0,"9",.0,"9",.0,"9",14.8,"",.0,"9",.0,"9",.0,"9",.0,"9",.0,"9",.0,"9",.0,"9",.0,"9",.0,"9",.0,"9",.0,"9",.0,"9",.0,"9",5.0,"",0,"",0,"","",23,"",0,"9",0,"8"
"353230295","BIA£YSTOK","2018","01","15",-7.5,"",-9.7,"",-8.7,"",-12.1,"",.0,"","S",0,"9",.0,"9",.0,"9",.0,"9",15.1,"",.0,"9",.0,"9",.0,"9",.0,"9",.0,"9",.0,"9",.0,"9",.0,"9",.0,"9",.0,"9",.0,"9",.0,"9",.0,"9",.0,"9",0,"",0,"","",29,"",0,"9",0,"8"
"353230295","BIA£YSTOK","2018","01","16",-4.8,"",-11.3,"",-8.2,"",-13.3,"",2.0,"","S",0,"",.0,"9",5.8,"",.0,"9",4.9,"",.0,"9",.0,"9",.0,"9",3.6,"",.0,"9",.0,"9",.0,"9",.0,"9",.0,"9",.0,"9",.0,"9",.0,"9",.0,"9",9.0,"",0,"",0,"","Z",37,"",0,"9",0,"8"
"353230295","BIA£YSTOK","2018","01","17",-2.9,"",-7.5,"",-4.5,"",-8.8,"",3.3,"","S",4,"",.0,"9",.0,"9",.0,"9",17.7,"",.0,"9",.0,"9",.0,"9",5.3,"",.0,"9",.0,"9",.0,"9",.0,"9",.0,"9",.0,"9",.0,"9",.0,"9",.0,"9",.0,"9",1,"",0,"","Z",32,"",0,"9",0,"8"
"353230295","BIA£YSTOK","2018","01","18",.6,"",-3.1,"",-.2,"",-4.3,"",2.3,"","S",9,"",1.1,"",.0,"9",.0,"9",6.5,"",.0,"9",.0,"9",.0,"9",15.8,"",.0,"9",.0,"9",2.1,"",.0,"9",.0,"9",.0,"9",.0,"9",.0,"9",.0,"9",.0,"9",1,"",0,"","Z",27,"",0,"9",0,"8"
"353230295","BIA£YSTOK","2018","01","19",.1,"",-2.1,"",-1.2,"",-3.4,"",1.3,"","S",13,"",1.2,"",.0,"9",.0,"9",15.2,"",.0,"9",.0,"9",.0,"9",12.1,"",.0,"9",.0,"9",3.1,"",2.0,"",.0,"9",.0,"9",.0,"9",.0,"9",.0,"9",.0,"9",1,"",0,"","Z",25,"",0,"9",0,"8"
"353230295","BIA£YSTOK","2018","01","20",-1.5,"",-4.3,"",-2.8,"",-7.5,"",1.4,"","S",17,"",1.1,"",.5,"",.0,"9",3.7,"",.0,"9",.0,"9",.0,"9",24.0,"",.0,"9",.0,"9",.0,"9",.0,"9",.0,"9",.0,"9",.0,"9",.0,"9",.0,"9",.0,"9",1,"",0,"","Z",25,"",0,"9",0,"8"
"353230295","BIA£YSTOK","2018","01","21",-2.4,"",-7.9,"",-3.7,"",-10.0,"",.0,"","S",18,"",1.3,"",.4,"",.0,"9",11.7,"",.0,"9",.0,"9",.0,"9",21.5,"",.0,"9",.0,"9",.0,"9",.0,"9",.0,"9",.0,"9",.0,"9",.0,"9",.0,"9",.0,"9",1,"",0,"","",25,"",0,"9",0,"8"
"353230295","BIA£YSTOK","2018","01","22",-5.0,"",-6.4,"",-6.0,"",-8.9,"",.0,"9","",17,"",1.2,"",.0,"9",.0,"9",.0,"9",.0,"9",.0,"9",.0,"9",5.2,"",.0,"9",.0,"9",.0,"9",.0,"9",.0,"9",.0,"9",.0,"9",.0,"9",.0,"9",.0,"9",1,"",0,"","Z",25,"",0,"9",0,"8"
"353230295","BIA£YSTOK","2018","01","23",-6.1,"",-11.1,"",-9.5,"",-11.9,"",.0,"9","",16,"",1.2,"",.0,"9",.0,"9",.0,"9",.0,"9",.0,"9",.0,"9",24.0,"",18.1,"",.0,"9",.0,"9",.0,"9",.0,"9",.0,"9",.0,"9",.0,"9",.0,"9",.0,"9",1,"",0,"","Z",25,"",0,"9",0,"8"
"353230295","BIA£YSTOK","2018","01","24",.8,"",-11.5,"",-2.9,"",-12.3,"",.7,"","S",14,"",1.4,"",.0,"9",4.5,"",2.4,"",.0,"9",.0,"9",.0,"9",24.0,"",9.3,"",10.5,"",.0,"9",.0,"9",.0,"9",.0,"9",.0,"9",.0,"9",.0,"9",.0,"9",1,"",0,"","Z",25,"",0,"9",0,"8"
"353230295","BIA£YSTOK","2018","01","25",4.1,"",.6,"",2.3,"",-1.3,"",.0,"9","",10,"",2.0,"",.7,"",.0,"9",.0,"9",.0,"9",.0,"9",.0,"9",14.8,"",.0,"9",8.8,"",.0,"9",.0,"9",.0,"9",.0,"9",.0,"9",.0,"9",.0,"9",.0,"9",1,"",0,"","Z",25,"",0,"9",0,"8"
"353230295","BIA£YSTOK","2018","01","26",2.9,"",-.8,"",.7,"",-1.7,"",.0,"9","",8,"",2.4,"",.0,"9",.0,"9",.0,"9",.0,"9",.0,"9",.0,"9",15.1,"",.0,"9",.0,"9",.0,"9",.0,"9",.0,"9",.0,"9",.0,"9",.0,"9",.0,"9",.0,"9",1,"",0,"","Z",23,"",0,"9",0,"8"
"353230295","BIA£YSTOK","2018","01","27",2.3,"",-2.0,"",.3,"",-6.7,"",.0,"","W",7,"",1.9,"",.0,"9",.9,"",.0,"9",.0,"9",.0,"9",7.7,"",16.3,"",.0,"9",.0,"9",.0,"9",.0,"9",.0,"9",.0,"9",.0,"9",.0,"9",.0,"9",.0,"9",1,"",0,"","Z",23,"",0,"9",0,"8"
"353230295","BIA£YSTOK","2018","01","28",3.5,"",.0,"",1.9,"",-1.1,"",1.7,"","S",6,"",2.3,"",.0,"9",3.6,"",.0,"9",.9,"",.0,"9",5.8,"",9.8,"",.0,"9",.0,"9",.0,"9",.0,"9",.0,"9",.0,"9",.0,"9",.0,"9",.0,"9",.0,"9",1,"",0,"","R",23,"",4,"",0,"8"
"353230295","BIA£YSTOK","2018","01","29",7.0,"",3.5,"",5.3,"",1.3,"",7.1,"","W",3,"",.0,"9",.2,"",12.3,"",.0,"9",.0,"9",.0,"9",.0,"9",3.8,"",.0,"9",.0,"9",.0,"9",.0,"9",.0,"9",.0,"9",.0,"9",.0,"9",.0,"9",.0,"9",1,"",0,"","R",23,"",5,"",0,"8"
"353230295","BIA£YSTOK","2018","01","30",7.0,"",1.3,"",2.8,"",.0,"",1.6,"","S",0,"9",.0,"9",.4,"",6.9,"",.3,"",.1,"",.0,"9",.0,"9",.0,"9",.0,"9",.0,"9",.0,"9",.0,"9",.0,"9",.0,"9",.0,"9",.0,"9",.0,"9",.0,"9",0,"",0,"","R",23,"",7,"",0,"8"
"353230295","BIA£YSTOK","2018","01","31",3.0,"",.5,"",1.5,"",-1.4,"",1.7,"","S",0,"",.0,"9",.9,"",.0,"9",3.3,"",.0,"9",.0,"9",.0,"9",.0,"9",.0,"9",.0,"9",.0,"9",.0,"9",.0,"9",.0,"9",.0,"9",.0,"9",.0,"9",5.2,"",0,"",0,"","Z",23,"",0,"9",0,"8"
"353230295","BIA£YSTOK","2018","02","01",3.2,"",.4,"",2.0,"",-.6,"",10.2,"","S",0,"",.0,"9",.0,"9",18.0,"",2.6,"",1.1,"",.0,"9",4.7,"",15.5,"",.0,"9",.0,"9",.0,"9",.0,"9",.0,"9",.0,"9",.0,"9",.0,"9",.0,"9",.0,"9",0,"",0,"","R",20,"",4,"",0,"8"
"353230295","BIA£YSTOK","2018","02","02",3.0,"",-.5,"",.6,"",-1.6,"",1.3,"","S",1,"",.0,"9",.0,"9",2.7,"",3.6,"",.9,"",.0,"9",8.1,"",15.9,"",.0,"9",.0,"9",.0,"9",.0,"9",.0,"9",.0,"9",.0,"9",.0,"9",.0,"9",.0,"9",1,"",0,"","R",20,"",4,"",0,"8"
"353230295","BIA£YSTOK","2018","02","03",1.2,"",-2.0,"",-.1,"",-4.8,"",.0,"9","",1,"",.0,"9",.0,"9",.0,"9",.0,"9",.0,"9",.0,"9",6.9,"",17.1,"",.0,"9",.0,"9",.0,"9",.0,"9",.0,"9",.0,"9",.0,"9",.0,"9",.0,"9",.0,"9",1,"",0,"","R",17,"",4,"",0,"8"
"353230295","BIA£YSTOK","2018","02","04",-.4,"",-2.4,"",-1.2,"",-5.1,"",.0,"","S",0,"9",.0,"9",.2,"",.0,"9",2.5,"",.0,"9",.0,"9",.0,"9",.3,"",.0,"9",.0,"9",.0,"9",.0,"9",.0,"9",.0,"9",.0,"9",.0,"9",.0,"9",8.0,"",0,"",0,"","",17,"",0,"9",0,"8"
"353230295","BIA£YSTOK","2018","02","05",-1.4,"",-7.3,"",-5.7,"",-8.4,"",.1,"","S",0,"",.0,"9",3.1,"",.0,"9",9.3,"",.0,"9",.0,"9",.0,"9",.0,"9",.0,"9",.0,"9",.0,"9",.0,"9",.0,"9",.0,"9",.0,"9",.0,"9",.0,"9",.0,"9",0,"",0,"","Z",16,"",0,"9",0,"8"
"353230295","BIA£YSTOK","2018","02","06",-1.8,"",-9.2,"",-5.2,"",-11.6,"",.0,"","S",1,"",.0,"9",.6,"",.0,"9",6.6,"",.0,"9",.0,"9",.0,"9",1.7,"",.0,"9",.0,"9",.0,"9",.0,"9",.0,"9",.0,"9",.0,"9",.0,"9",.0,"9",.0,"9",1,"",0,"","",19,"",0,"9",0,"8"
"353230295","BIA£YSTOK","2018","02","07",-.6,"",-12.4,"",-6.2,"",-15.0,"",.3,"","S",1,"",.0,"9",6.8,"",.0,"9",.0,"9",.0,"9",.0,"9",.0,"9",14.3,"",.0,"9",.0,"9",.0,"9",.0,"9",.0,"9",.0,"9",.0,"9",.0,"9",.0,"9",11.0,"",1,"",0,"","Z",23,"",0,"9",0,"8"
"353230295","BIA£YSTOK","2018","02","08",-.5,"",-5.9,"",-2.3,"",-6.1,"",.0,"","S",1,"",.0,"9",.0,"9",.0,"9",8.7,"",.0,"9",.0,"9",.0,"9",24.0,"",.0,"9",.0,"9",.0,"9",.0,"9",.0,"9",.0,"9",.0,"9",.0,"9",.0,"9",.0,"9",1,"",0,"","",23,"",0,"9",0,"8"
"353230295","BIA£YSTOK","2018","02","09",-.8,"",-3.3,"",-2.6,"",-3.2,"",.0,"","S",1,"",.0,"9",.0,"9",.0,"9",.6,"",.0,"9",.0,"9",.0,"9",21.3,"",.0,"9",.0,"9",.0,"9",.0,"9",.0,"9",.0,"9",.0,"9",.0,"9",.0,"9",.0,"9",1,"",0,"","",23,"",0,"9",0,"8"
"353230295","BIA£YSTOK","2018","02","10",-3.0,"",-4.3,"",-3.9,"",-4.1,"",.0,"9","",1,"",.0,"9",.0,"9",.0,"9",.0,"9",.0,"9",.0,"9",.0,"9",24.0,"",.0,"9",.0,"9",.0,"9",.0,"9",.0,"9",.0,"9",.0,"9",.0,"9",.0,"9",.0,"9",1,"",0,"","Z",25,"",0,"9",0,"8"
"353230295","BIA£YSTOK","2018","02","11",-2.7,"",-6.0,"",-4.2,"",-5.6,"",.0,"","S",0,"9",.0,"9",.0,"9",.0,"9",1.5,"",.0,"9",.0,"9",.0,"9",20.2,"",.0,"9",.0,"9",.0,"9",.0,"9",.0,"9",.0,"9",.0,"9",.0,"9",.0,"9",.0,"9",0,"",0,"","",25,"",0,"9",0,"8"
"353230295","BIA£YSTOK","2018","02","12",.2,"",-3.2,"",-1.2,"",-3.3,"",.0,"","S",0,"9",.0,"9",.0,"9",.0,"9",3.1,"",.0,"9",.0,"9",.0,"9",19.3,"",.0,"9",.0,"9",.0,"9",.0,"9",.0,"9",.0,"9",.0,"9",.0,"9",.0,"9",.0,"9",0,"",0,"","",25,"",0,"9",0,"8"
"353230295","BIA£YSTOK","2018","02","13",2.7,"",-2.5,"",-.5,"",-5.1,"",.8,"","S",0,"9",.0,"9",1.9,"",.0,"9",1.7,"",.0,"9",.0,"9",.0,"9",24.0,"",.0,"9",.0,"9",.0,"9",.0,"9",.0,"9",.0,"9",.0,"9",.0,"9",.0,"9",3.3,"",0,"",0,"","Z",23,"",0,"9",0,"8"
"353230295","BIA£YSTOK","2018","02","14",-1.1,"",-3.1,"",-1.9,"",-5.7,"",.1,"","S",1,"",.0,"9",.0,"9",.0,"9",18.8,"",.0,"9",.0,"9",.0,"9",21.0,"",.0,"9",.0,"9",.0,"9",.0,"9",.0,"9",.0,"9",.0,"9",.0,"9",.0,"9",.0,"9",1,"",0,"","Z",23,"",0,"9",0,"8"
"353230295","BIA£YSTOK","2018","02","15",-2.4,"",-6.0,"",-5.0,"",-5.8,"",.0,"","S",2,"",.0,"9",.0,"9",.0,"9",6.8,"",.0,"9",.0,"9",.0,"9",6.3,"",.0,"9",.0,"9",.0,"9",.0,"9",.0,"9",.0,"9",.0,"9",.0,"9",.0,"9",.0,"9",1,"",0,"","",23,"",0,"9",0,"8"
"353230295","BIA£YSTOK","2018","02","16",-.2,"",-4.9,"",-1.8,"",-4.8,"",.4,"","S",2,"",.0,"9",.0,"9",.5,"",6.7,"",.6,"",.0,"9",.0,"9",24.0,"",.0,"9",.5,"",.0,"9",.0,"9",.0,"9",.0,"9",.0,"9",.0,"9",.0,"9",.0,"9",1,"",0,"","Z",25,"",0,"9",0,"8"
"353230295","BIA£YSTOK","2018","02","17",1.5,"",-1.9,"",.2,"",-3.3,"",.7,"","S",3,"",.0,"9",.0,"9",.0,"9",9.2,"",.7,"",.0,"9",.0,"9",23.8,"",.0,"9",.0,"9",.0,"9",.0,"9",.0,"9",.0,"9",.0,"9",.0,"9",.0,"9",.0,"9",1,"",0,"","Z",23,"",0,"9",0,"8"
"353230295","BIA£YSTOK","2018","02","18",.4,"",-3.8,"",-3.2,"",-7.7,"",.0,"","S",3,"",.0,"9",.0,"9",.0,"9",1.3,"",.0,"9",.0,"9",.0,"9",8.6,"",.0,"9",.0,"9",.0,"9",.0,"9",.0,"9",.0,"9",.0,"9",.0,"9",.0,"9",.0,"9",1,"",0,"","",23,"",0,"9",0,"8"
"353230295","BIA£YSTOK","2018","02","19",2.4,"",-10.0,"",-2.2,"",-12.9,"",.0,"","S",3,"",.0,"9",2.6,"",.0,"9",4.5,"",.0,"9",.0,"9",.0,"9",18.5,"",.0,"9",.0,"9",.0,"9",.0,"9",.0,"9",.0,"9",.0,"9",.0,"9",.0,"9",.0,"9",1,"",0,"","",28,"",0,"9",0,"8"
"353230295","BIA£YSTOK","2018","02","20",2.3,"",-2.0,"",-.9,"",-3.0,"",.0,"","S",0,"9",.0,"9",.4,"",.0,"9",.1,"",.0,"9",.0,"9",.0,"9",14.9,"",.0,"9",.0,"9",.0,"9",.0,"9",.0,"9",.0,"9",.0,"9",.0,"9",.0,"9",.0,"9",0,"",0,"","",23,"",0,"9",0,"8"
"353230295","BIA£YSTOK","2018","02","21",-1.2,"",-8.6,"",-5.1,"",-10.6,"",.0,"","S",0,"9",.0,"9",.4,"",.0,"9",.3,"",.0,"9",.0,"9",1.3,"",16.3,"",2.8,"",.0,"9",.0,"9",.0,"9",.0,"9",.0,"9",.0,"9",.0,"9",.0,"9",10.1,"",0,"",0,"","",32,"",0,"9",0,"8"
"353230295","BIA£YSTOK","2018","02","22",-5.7,"",-10.5,"",-7.8,"",-12.5,"",.0,"","S",0,"9",.0,"9",.1,"",.0,"9",17.8,"",.0,"9",.0,"9",.0,"9",12.4,"",.0,"9",.0,"9",.0,"9",.0,"9",.0,"9",.0,"9",.0,"9",.0,"9",.0,"9",5.3,"",0,"",0,"","",37,"",0,"9",0,"8"
"353230295","BIA£YSTOK","2018","02","23",-4.9,"",-11.2,"",-9.1,"",-13.0,"",.6,"","S",0,"",.0,"9",2.6,"",.0,"9",6.5,"",.0,"9",.0,"9",.0,"9",9.1,"",.0,"9",.0,"9",.0,"9",.0,"9",.0,"9",.0,"9",.0,"9",.0,"9",.0,"9",.0,"9",0,"",0,"","Z",40,"",0,"9",0,"8"
"353230295","BIA£YSTOK","2018","02","24",-7.2,"",-12.7,"",-9.5,"",-13.6,"",.0,"","S",1,"",.0,"9",8.7,"",.0,"9",7.1,"",.0,"9",.0,"9",.0,"9",4.6,"",.0,"9",.0,"9",8.1,"",.0,"9",.0,"9",.0,"9",.0,"9",.0,"9",.0,"9",.0,"9",1,"",0,"","",40,"",0,"9",0,"8"
"353230295","BIA£YSTOK","2018","02","25",-9.0,"",-15.2,"",-11.8,"",-16.1,"",.0,"","S",1,"",.0,"9",3.5,"",.0,"9",9.6,"",.0,"9",.0,"9",.0,"9",.0,"9",.0,"9",.0,"9",.0,"9",.0,"9",.0,"9",.0,"9",.0,"9",.0,"9",.0,"9",.0,"9",1,"",0,"","",44,"",0,"9",0,"8"
"353230295","BIA£YSTOK","2018","02","26",-8.0,"",-14.0,"",-12.6,"",-16.0,"",.0,"","S",1,"",.0,"9",5.7,"",.0,"9",1.1,"",.0,"9",.0,"9",.0,"9",3.8,"",.0,"9",.0,"9",.0,"9",.0,"9",.0,"9",.0,"9",.0,"9",.0,"9",.0,"9",.0,"9",1,"",0,"","",44,"",0,"9",0,"8"
"353230295","BIA£YSTOK","2018","02","27",-8.5,"",-18.3,"",-13.2,"",-18.6,"",.0,"","S",1,"",.0,"9",5.3,"",.0,"9",3.3,"",.0,"9",.0,"9",.0,"9",5.5,"",.0,"9",.0,"9",.0,"9",.0,"9",.0,"9",.0,"9",.0,"9",.0,"9",.0,"9",.0,"9",1,"",0,"","",46,"",0,"9",0,"8"
"353230295","BIA£YSTOK","2018","02","28",-8.8,"",-14.3,"",-12.4,"",-14.5,"",.4,"","S",1,"",.0,"9",5.4,"",.0,"9",9.4,"",.0,"9",.0,"9",.0,"9",.0,"9",.0,"9",.0,"9",.0,"9",.0,"9",.0,"9",.0,"9",.0,"9",.0,"9",.0,"9",.0,"9",1,"",0,"","Z",48,"",0,"9",0,"8"
"353230295","BIA£YSTOK","2018","03","01",-11.9,"",-17.0,"",-13.9,"",-20.1,"",.2,"","S",2,"",.0,"9",1.9,"",.0,"9",8.3,"",.0,"9",.0,"9",.0,"9",9.2,"",.0,"9",.0,"9",.0,"9",.0,"9",.0,"9",.0,"9",.0,"9",.0,"9",.0,"9",.0,"9",1,"",0,"","Z",48,"",0,"9",0,"8"
"353230295","BIA£YSTOK","2018","03","02",-6.1,"",-20.2,"",-13.2,"",-21.8,"",.0,"","S",3,"",.0,"9",5.0,"",.0,"9",7.9,"",.0,"9",.0,"9",.0,"9",17.0,"",.0,"9",.0,"9",.0,"9",.0,"9",.0,"9",.0,"9",.0,"9",.0,"9",.0,"9",.0,"9",1,"",0,"","",49,"",0,"9",0,"8"
"353230295","BIA£YSTOK","2018","03","03",-8.4,"",-15.5,"",-11.2,"",-18.4,"",.2,"","S",3,"",.0,"9",6.4,"",.0,"9",12.2,"",.0,"9",.0,"9",.0,"9",14.1,"",.0,"9",.0,"9",.0,"9",.0,"9",.0,"9",.0,"9",.0,"9",.0,"9",.0,"9",.0,"9",1,"",0,"","Z",49,"",0,"9",0,"8"
"353230295","BIA£YSTOK","2018","03","04",-3.5,"",-13.2,"",-9.2,"",-14.4,"",.0,"9","",4,"",.0,"9",10.3,"",.0,"9",.2,"",.0,"9",.0,"9",.0,"9",13.1,"",.0,"9",.0,"9",.0,"9",.0,"9",.0,"9",.0,"9",.0,"9",.0,"9",.0,"9",.0,"9",1,"",0,"","Z",50,"",0,"9",0,"8"
"353230295","BIA£YSTOK","2018","03","05",2.2,"",-17.5,"",-6.3,"",-19.0,"",.0,"9","",3,"",.0,"9",8.5,"",.0,"9",.0,"9",.0,"9",.0,"9",.0,"9",7.9,"",.0,"9",.0,"9",.0,"9",.0,"9",.0,"9",.0,"9",.0,"9",.0,"9",.0,"9",.0,"9",1,"",0,"","Z",50,"",0,"9",0,"8"
"353230295","BIA£YSTOK","2018","03","06",3.8,"",-3.4,"",-.4,"",-4.3,"",1.1,"","S",0,"9",.0,"9",2.5,"",.0,"9",.0,"9",.0,"9",.0,"9",.0,"9",8.7,"",.0,"9",.0,"9",.0,"9",.0,"9",.0,"9",.0,"9",.0,"9",.0,"9",.0,"9",.0,"9",0,"",0,"","Z",50,"",0,"9",0,"8"
"353230295","BIA£YSTOK","2018","03","07",1.6,"",-1.0,"",.4,"",-1.1,"",.1,"","S",2,"",.0,"9",.0,"9",7.4,"",4.1,"",2.9,"",.0,"9",5.1,"",18.3,"",.0,"9",.0,"9",.0,"9",.0,"9",.0,"9",.0,"9",.0,"9",.0,"9",.0,"9",.0,"9",1,"",0,"","Z",50,"",0,"9",0,"8"
"353230295","BIA£YSTOK","2018","03","08",4.0,"",.5,"",1.8,"",-1.2,"",.0,"9","",0,"9",.0,"9",.0,"9",.0,"9",.0,"9",.0,"9",.0,"9",7.2,"",16.9,"",.0,"9",.0,"9",.0,"9",.0,"9",.0,"9",.0,"9",.0,"9",.0,"9",.0,"9",.0,"9",0,"",0,"","Z",50,"",0,"9",0,"8"
"353230295","BIA£YSTOK","2018","03","09",6.9,"",-.9,"",2.6,"",-3.6,"",3.2,"","S",0,"9",.0,"9",3.9,"",2.0,"",.7,"",.4,"",.0,"9",1.0,"",19.1,"",.0,"9",.0,"9",.0,"9",.0,"9",.0,"9",.0,"9",.0,"9",.0,"9",.0,"9",.0,"9",0,"",0,"","Z",50,"",0,"9",0,"8"
"353230295","BIA£YSTOK","2018","03","10",3.8,"",-.6,"",1.6,"",-2.9,"",1.5,"","W",0,"",.0,"9",.0,"9",.0,"9",1.0,"",1.1,"",.0,"9",.0,"9",11.6,"",.0,"9",.0,"9",.0,"9",.0,"9",.0,"9",.0,"9",.0,"9",.0,"9",.0,"9",.0,"9",0,"",0,"","Z",50,"",0,"9",0,"8"
"353230295","BIA£YSTOK","2018","03","11",6.9,"",.2,"",3.1,"",-1.2,"",1.1,"","W",0,"9",.0,"9",.0,"9",8.3,"",.0,"9",.0,"9",.0,"9",4.1,"",17.3,"",.0,"9",.0,"9",.0,"9",.0,"9",.0,"9",.0,"9",.0,"9",.0,"9",.0,"9",.0,"9",0,"",0,"","R",50,"",7,"",0,"8"
"353230295","BIA£YSTOK","2018","03","12",12.8,"",.6,"",6.7,"",-2.9,"",.1,"","W",0,"9",.0,"9",2.3,"",.7,"",.0,"9",.0,"9",.0,"9",1.3,"",9.9,"",.0,"9",.0,"9",.0,"9",.0,"9",.0,"9",.0,"9",.0,"9",.0,"9",.0,"9",5.0,"",0,"",0,"","Z",50,"",0,"9",0,"8"
"353230295","BIA£YSTOK","2018","03","13",11.9,"",4.9,"",8.2,"",2.5,"",.0,"9","",0,"9",.0,"9",.3,"",.0,"9",.0,"9",.0,"9",.0,"9",.0,"9",5.7,"",.0,"9",.0,"9",.0,"9",.0,"9",.0,"9",.0,"9",.0,"9",.0,"9",.0,"9",.0,"9",0,"",0,"","R",50,"",18,"",0,"8"
"353230295","BIA£YSTOK","2018","03","14",9.1,"",3.2,"",5.2,"",.0,"",.5,"","W",0,"9",.0,"9",.0,"9",4.1,"",.0,"9",.0,"9",.0,"9",.0,"9",14.5,"",.0,"9",.0,"9",.0,"9",.0,"9",.0,"9",.0,"9",.0,"9",.0,"9",.0,"9",.0,"9",0,"",0,"","R",0,"9",0,"9",0,"8"
"353230295","BIA£YSTOK","2018","03","15",3.2,"",-1.8,"",-.5,"",-1.4,"",.0,"9","",0,"9",.0,"9",6.4,"",.7,"",.0,"9",.0,"9",.0,"9",.0,"9",2.2,"",.0,"9",.0,"9",.0,"9",.0,"9",.0,"9",.0,"9",.0,"9",.0,"9",.0,"9",.0,"9",0,"",0,"","Z",35,"",0,"9",0,"8"
"353230295","BIA£YSTOK","2018","03","16",-.6,"",-4.3,"",-2.9,"",-4.4,"",.0,"","S",0,"9",.0,"9",2.9,"",.0,"9",.3,"",.0,"9",.0,"9",.0,"9",.0,"9",.0,"9",.0,"9",.0,"9",.0,"9",.0,"9",.0,"9",.0,"9",.0,"9",.0,"9",.0,"9",0,"",0,"","",35,"",0,"9",0,"8"
"353230295","BIA£YSTOK","2018","03","17",-3.7,"",-7.9,"",-5.9,"",-8.1,"",.0,"9","",0,"9",.0,"9",10.9,"",.0,"9",.0,"9",.0,"9",.0,"9",.0,"9",.0,"9",.0,"9",.0,"9",.0,"9",.0,"9",.0,"9",.0,"9",.0,"9",.0,"9",.0,"9",.0,"9",0,"",0,"","Z",35,"",0,"9",0,"8"
"353230295","BIA£YSTOK","2018","03","18",-.5,"",-9.6,"",-4.8,"",-10.5,"",.0,"9","",0,"9",.0,"9",11.4,"",.0,"9",.0,"9",.0,"9",.0,"9",.0,"9",2.3,"",.0,"9",.0,"9",.0,"9",.0,"9",.8,"",.0,"9",.0,"9",.0,"9",.0,"9",5.0,"",0,"",0,"","Z",40,"",0,"9",0,"8"
"353230295","BIA£YSTOK","2018","03","19",3.4,"",-11.8,"",-4.4,"",-12.9,"",.0,"9","",0,"9",.0,"9",10.7,"",.0,"9",.0,"9",.0,"9",.0,"9",.0,"9",6.4,"",.0,"9",.0,"9",.0,"9",.0,"9",.0,"9",.0,"9",.0,"9",.0,"9",.0,"9",14.0,"",0,"",0,"","Z",46,"",0,"9",0,"8"
"353230295","BIA£YSTOK","2018","03","20",2.5,"",-10.8,"",-3.5,"",-11.6,"",.0,"","S",0,"9",.0,"9",5.4,"",.0,"9",1.9,"",.0,"9",.0,"9",.0,"9",3.3,"",.0,"9",.0,"9",.0,"9",.0,"9",.0,"9",.0,"9",.0,"9",.0,"9",.0,"9",8.0,"",0,"",0,"","",44,"",0,"9",0,"8"
"353230295","BIA£YSTOK","2018","03","21",1.0,"",-4.6,"",-2.3,"",-7.6,"",.0,"","S",0,"",.0,"9",4.2,"",.0,"9",6.0,"",.0,"9",.0,"9",.0,"9",.0,"9",.0,"9",.0,"9",.0,"9",.0,"9",.0,"9",.0,"9",.0,"9",.0,"9",.0,"9",6.0,"",0,"",0,"","",35,"",0,"9",0,"8"
"353230295","BIA£YSTOK","2018","03","22",3.0,"",-7.8,"",-.8,"",-10.5,"",.2,"","S",0,"9",.0,"9",.2,"",.0,"9",3.8,"",.4,"",.0,"9",.0,"9",.0,"9",.0,"9",.0,"9",.0,"9",.0,"9",.0,"9",.0,"9",.0,"9",.0,"9",.0,"9",6.3,"",0,"",0,"","Z",43,"",0,"9",0,"8"
"353230295","BIA£YSTOK","2018","03","23",3.7,"",-1.7,"",1.0,"",-5.0,"",.0,"9","",0,"9",.0,"9",.0,"9",.0,"9",.0,"9",.0,"9",.0,"9",.0,"9",6.7,"",.0,"9",.0,"9",.0,"9",.0,"9",5.8,"",.0,"9",.0,"9",.0,"9",.0,"9",.0,"9",0,"",0,"","Z",35,"",0,"9",0,"8"
"353230295","BIA£YSTOK","2018","03","24",7.6,"",-1.7,"",1.3,"",-5.5,"",.0,"9","",0,"9",.0,"9",9.6,"",.0,"9",.0,"9",.0,"9",.0,"9",.0,"9",10.7,"",.0,"9",.0,"9",.0,"9",.0,"9",.0,"9",.0,"9",.0,"9",.0,"9",.0,"9",6.0,"",0,"",0,"","Z",35,"",0,"9",0,"8"
"353230295","BIA£YSTOK","2018","03","25",9.5,"",-6.4,"",1.2,"",-7.8,"",.0,"9","",0,"9",.0,"9",11.4,"",.0,"9",.0,"9",.0,"9",.0,"9",.0,"9",10.2,"",.0,"9",.0,"9",.0,"9",.0,"9",.0,"9",.0,"9",.0,"9",.0,"9",.0,"9",12.0,"",0,"",0,"","Z",30,"",0,"9",0,"8"
"353230295","BIA£YSTOK","2018","03","26",9.5,"",-2.8,"",4.5,"",-6.3,"",.0,"","W",0,"9",.0,"9",7.3,"",.6,"",.0,"9",.0,"9",.0,"9",.0,"9",14.2,"",.0,"9",.0,"9",.0,"9",.0,"9",.0,"9",.0,"9",.0,"9",.0,"9",.0,"9",6.0,"",0,"",0,"","Z",30,"",0,"9",0,"8"
"353230295","BIA£YSTOK","2018","03","27",5.5,"",-3.6,"",-.4,"",-6.5,"",.0,"9","",0,"9",.0,"9",.2,"",.0,"9",.0,"9",.0,"9",.0,"9",.0,"9",9.5,"",.0,"9",.0,"9",.0,"9",.0,"9",.0,"9",.0,"9",.0,"9",.0,"9",.0,"9",6.0,"",0,"",0,"","R",30,"",4,"",0,"8"
"353230295","BIA£YSTOK","2018","03","28",4.5,"",-7.4,"",-1.4,"",-9.1,"",.0,"","S",0,"9",.0,"9",8.2,"",.0,"9",.0,"9",.0,"9",.0,"9",.0,"9",1.7,"",.0,"9",.0,"9",.0,"9",.0,"9",.0,"9",.0,"9",.0,"9",.0,"9",.0,"9",12.0,"",0,"",0,"","",30,"",4,"",0,"8"
"353230295","BIA£YSTOK","2018","03","29",.6,"",-3.6,"",-.7,"",-6.9,"",3.9,"","S",0,"9",.0,"9",.0,"9",2.0,"",10.9,"",1.3,"",.0,"9",2.1,"",3.4,"",.0,"9",.0,"9",.0,"9",.0,"9",.0,"9",.0,"9",.0,"9",.0,"9",.0,"9",5.7,"",0,"",0,"","Z",28,"",0,"9",0,"8"
"353230295","BIA£YSTOK","2018","03","30",10.5,"",.4,"",4.0,"",-2.3,"",.0,"","W",2,"",.0,"9",8.1,"",.1,"",.0,"9",.0,"9",.0,"9",2.3,"",9.1,"",.0,"9",.0,"9",.0,"9",.0,"9",.0,"9",.0,"9",.0,"9",.0,"9",.0,"9",.0,"9",1,"",0,"","R",28,"",5,"",0,"8"
"353230295","BIA£YSTOK","2018","03","31",10.3,"",-2.8,"",4.2,"",-5.7,"",10.8,"","W",0,"9",.0,"9",5.9,"",5.9,"",.0,"9",.0,"9",.0,"9",.0,"9",17.5,"",.0,"9",.0,"9",.0,"9",.0,"9",.0,"9",.0,"9",.0,"9",.0,"9",.0,"9",6.0,"",0,"",0,"","Z",28,"",0,"9",0,"8"
"353230295","BIA£YSTOK","2018","04","01",6.6,"",4.7,"",5.2,"",4.3,"",31.8,"","S",0,"9",.0,"9",.0,"9",20.8,"",1.8,"",.0,"9",.0,"9",.6,"",23.4,"",.0,"9",.0,"9",.0,"9",.0,"9",.0,"9",.0,"9",.0,"9",.0,"9",.0,"9",.0,"9",0,"",0,"","R",0,"9",0,"9",0,"8"
"353230295","BIA£YSTOK","2018","04","02",4.7,"",.4,"",1.1,"",-.4,"",.7,"","S",4,"",.0,"9",2.3,"",.6,"",7.1,"",2.1,"",.0,"9",.0,"9",12.6,"",.0,"9",.0,"9",.0,"9",.0,"9",.0,"9",.0,"9",.0,"9",.0,"9",.0,"9",.0,"9",1,"",0,"","Z",20,"",0,"9",0,"8"
"353230295","BIA£YSTOK","2018","04","03",12.3,"",-4.3,"",4.8,"",-6.7,"",.3,"","W",2,"",.0,"9",4.7,"",2.5,"",.0,"9",.0,"9",.0,"9",.0,"9",7.3,"",.0,"9",.0,"9",.0,"9",.0,"9",.0,"9",.0,"9",.0,"9",.0,"9",.0,"9",.0,"9",1,"",0,"","Z",28,"",0,"9",0,"8"
"353230295","BIA£YSTOK","2018","04","04",20.7,"",.2,"",11.9,"",-2.7,"",.0,"","W",0,"9",.0,"9",11.3,"",1.3,"",.0,"9",.0,"9",.0,"9",.0,"9",4.5,"",.0,"9",.0,"9",.0,"9",.0,"9",.0,"9",.0,"9",.0,"9",.0,"9",.0,"9",.0,"9",0,"",0,"","R",0,"9",0,"9",0,"8"
"353230295","BIA£YSTOK","2018","04","05",18.9,"",5.8,"",13.2,"",1.8,"",.0,"9","",0,"9",.0,"9",10.1,"",.0,"9",.0,"9",.0,"9",.0,"9",.0,"9",.0,"9",.0,"9",.0,"9",.0,"9",.0,"9",.0,"9",.0,"9",.0,"9",.0,"9",.0,"9",.0,"9",0,"",0,"","R",0,"9",0,"9",0,"8"
"353230295","BIA£YSTOK","2018","04","06",14.7,"",6.8,"",8.4,"",1.2,"",.0,"9","",0,"9",.0,"9",8.1,"",.0,"9",.0,"9",.0,"9",.0,"9",.0,"9",.0,"9",.0,"9",.0,"9",.0,"9",.0,"9",.0,"9",.0,"9",.0,"9",.0,"9",.0,"9",.0,"9",0,"",0,"","R",0,"9",0,"9",0,"8"
"353230295","BIA£YSTOK","2018","04","07",14.1,"",-3.5,"",5.6,"",-6.1,"",.0,"9","",0,"9",.0,"9",12.7,"",.0,"9",.0,"9",.0,"9",.0,"9",.0,"9",.0,"9",.0,"9",.0,"9",.0,"9",.0,"9",.0,"9",.0,"9",.0,"9",.0,"9",.0,"9",6.0,"",0,"",0,"","Z",1,"",0,"9",0,"8"
"353230295","BIA£YSTOK","2018","04","08",21.3,"",2.1,"",13.3,"",-3.4,"",.0,"9","",0,"9",.0,"9",12.5,"",.0,"9",.0,"9",.0,"9",.0,"9",.0,"9",.0,"9",.0,"9",.0,"9",.0,"9",.0,"9",.0,"9",.0,"9",.0,"9",.0,"9",.0,"9",.0,"9",0,"",0,"","R",0,"9",0,"9",0,"8"
"353230295","BIA£YSTOK","2018","04","09",25.3,"",9.3,"",16.8,"",5.5,"",.0,"9","",0,"9",.0,"9",12.2,"",.0,"9",.0,"9",.0,"9",.0,"9",.0,"9",.0,"9",.0,"9",.0,"9",.0,"9",.0,"9",.0,"9",.0,"9",.0,"9",.0,"9",.0,"9",.0,"9",0,"",0,"","R",0,"9",0,"9",0,"8"
"353230295","BIA£YSTOK","2018","04","10",22.9,"",5.7,"",15.5,"",2.1,"",.0,"9","",0,"9",.0,"9",12.2,"",.0,"9",.0,"9",.0,"9",.0,"9",.0,"9",5.6,"",.0,"9",.0,"9",.0,"9",.0,"9",.0,"9",.0,"9",.0,"9",.0,"9",10.0,"",.0,"9",0,"",0,"","R",0,"9",0,"9",0,"8"
"353230295","BIA£YSTOK","2018","04","11",18.1,"",6.7,"",8.0,"",6.3,"",.0,"","W",0,"9",.0,"9",.7,"",1.6,"",.0,"9",.0,"9",.0,"9",.0,"9",7.0,"",.0,"9",.0,"9",.0,"9",.0,"9",.0,"9",.0,"9",.0,"9",.0,"9",5.0,"",.0,"9",0,"",0,"","R",0,"9",0,"9",0,"8"
"353230295","BIA£YSTOK","2018","04","12",17.1,"",4.8,"",10.6,"",3.6,"",.0,"9","",0,"9",.0,"9",11.0,"",.0,"9",.0,"9",.0,"9",.0,"9",.0,"9",.0,"9",.0,"9",.0,"9",.0,"9",.0,"9",.0,"9",.0,"9",.0,"9",.0,"9",.0,"9",.0,"9",0,"",0,"","R",0,"9",0,"9",0,"8"
"353230295","BIA£YSTOK","2018","04","13",21.3,"",6.0,"",13.4,"",5.0,"",.0,"9","",0,"9",.0,"9",12.0,"",.0,"9",.0,"9",.0,"9",.0,"9",.0,"9",.0,"9",.0,"9",.0,"9",.0,"9",.0,"9",.0,"9",.0,"9",.0,"9",.0,"9",6.0,"",.0,"9",0,"",0,"","R",0,"9",0,"9",0,"8"
"353230295","BIA£YSTOK","2018","04","14",23.0,"",10.0,"",15.7,"",7.3,"",.0,"9","",0,"9",.0,"9",9.7,"",.0,"9",.0,"9",.0,"9",.0,"9",.0,"9",.5,"",.0,"9",.0,"9",.0,"9",.0,"9",.0,"9",.0,"9",.0,"9",1.0,"",.0,"9",.0,"9",0,"",0,"","R",0,"9",0,"9",0,"8"
"353230295","BIA£YSTOK","2018","04","15",21.4,"",4.0,"",13.7,"",.8,"",.0,"9","",0,"9",.0,"9",11.2,"",.0,"9",.0,"9",.0,"9",.0,"9",.0,"9",5.8,"",.0,"9",.0,"9",.0,"9",.0,"9",.0,"9",.0,"9",.0,"9",.0,"9",5.0,"",.0,"9",0,"",0,"","R",0,"9",0,"9",0,"8"
"353230295","BIA£YSTOK","2018","04","16",23.5,"",9.9,"",16.5,"",5.9,"",.0,"","W",0,"9",.0,"9",1.8,"",.0,"9",.0,"9",.0,"9",.0,"9",.0,"9",1.7,"",.0,"9",.0,"9",.0,"9",.0,"9",.0,"9",.0,"9",.0,"9",.0,"9",.0,"9",.0,"9",0,"",0,"","R",0,"9",0,"9",0,"8"
"353230295","BIA£YSTOK","2018","04","17",17.8,"",11.0,"",13.1,"",9.3,"",2.0,"","W",0,"9",.0,"9",2.0,"",4.5,"",.0,"9",.0,"9",.0,"9",.0,"9",13.6,"",.0,"9",.0,"9",.0,"9",.0,"9",.0,"9",.0,"9",.0,"9",.0,"9",.0,"9",.0,"9",0,"",0,"","R",0,"9",0,"9",0,"8"
"353230295","BIA£YSTOK","2018","04","18",16.1,"",5.3,"",10.9,"",1.5,"",.0,"9","",0,"9",.0,"9",3.7,"",.0,"9",.0,"9",.0,"9",.0,"9",.0,"9",4.3,"",.0,"9",.0,"9",.0,"9",.0,"9",.0,"9",.0,"9",.0,"9",.0,"9",.0,"9",.0,"9",0,"",0,"","R",0,"9",0,"9",0,"8"
"353230295","BIA£YSTOK","2018","04","19",18.7,"",9.3,"",13.4,"",7.6,"",.0,"9","",0,"9",.0,"9",12.7,"",.0,"9",.0,"9",.0,"9",.0,"9",.0,"9",.0,"9",.0,"9",.0,"9",.0,"9",.0,"9",.0,"9",.0,"9",.0,"9",.0,"9",5.0,"",.0,"9",0,"",0,"","R",0,"9",0,"9",0,"8"
"353230295","BIA£YSTOK","2018","04","20",19.4,"",3.8,"",11.6,"",.1,"",.0,"9","",0,"9",.0,"9",12.9,"",.0,"9",.0,"9",.0,"9",.0,"9",.0,"9",.0,"9",.0,"9",.0,"9",.0,"9",.0,"9",.0,"9",.0,"9",.0,"9",.0,"9",5.0,"",.0,"9",0,"",0,"","R",0,"9",0,"9",0,"8"
"353230295","BIA£YSTOK","2018","04","21",21.7,"",8.4,"",14.3,"",3.2,"",.0,"9","",0,"9",.0,"9",13.1,"",.0,"9",.0,"9",.0,"9",.0,"9",.0,"9",.0,"9",.0,"9",.0,"9",.0,"9",.0,"9",.0,"9",.0,"9",.0,"9",.0,"9",.0,"9",.0,"9",0,"",0,"","R",0,"9",0,"9",0,"8"
"353230295","BIA£YSTOK","2018","04","22",17.7,"",4.5,"",11.5,"",1.0,"",.0,"9","",0,"9",.0,"9",13.2,"",.0,"9",.0,"9",.0,"9",.0,"9",.0,"9",.0,"9",.0,"9",.0,"9",.0,"9",.0,"9",.0,"9",.0,"9",.0,"9",.0,"9",6.0,"",.0,"9",0,"",0,"","R",0,"9",0,"9",0,"8"
"353230295","BIA£YSTOK","2018","04","23",19.0,"",.5,"",11.5,"",-2.9,"",.5,"","W",0,"9",.0,"9",12.2,"",2.1,"",.0,"9",.0,"9",.0,"9",.0,"9",.0,"9",.0,"9",.0,"9",.0,"9",.0,"9",.0,"9",.0,"9",.0,"9",.0,"9",6.0,"",.0,"9",0,"",0,"","R",0,"9",0,"9",0,"8"
"353230295","BIA£YSTOK","2018","04","24",16.6,"",10.8,"",13.4,"",9.9,"",.0,"","W",0,"9",.0,"9",8.1,"",.9,"",.0,"9",.0,"9",.0,"9",.0,"9",.0,"9",.0,"9",.0,"9",.0,"9",.0,"9",.0,"9",.0,"9",.0,"9",.0,"9",.0,"9",.0,"9",0,"",0,"","R",0,"9",0,"9",0,"8"
"353230295","BIA£YSTOK","2018","04","25",18.9,"",8.0,"",12.3,"",6.0,"",4.4,"","W",0,"9",.0,"9",.9,"",2.7,"",.0,"9",.0,"9",.0,"9",.0,"9",6.7,"",.0,"9",.0,"9",.0,"9",.0,"9",.0,"9",.0,"9",.0,"9",.4,"",7.0,"",.0,"9",0,"",0,"","R",0,"9",0,"9",0,"8"
"353230295","BIA£YSTOK","2018","04","26",15.1,"",6.9,"",10.4,"",6.0,"",.0,"9","",0,"9",.0,"9",3.9,"",.0,"9",.0,"9",.0,"9",.0,"9",.0,"9",.0,"9",.0,"9",.0,"9",.0,"9",.0,"9",.0,"9",.0,"9",.0,"9",.0,"9",2.0,"",.0,"9",0,"",0,"","R",0,"9",0,"9",0,"8"
"353230295","BIA£YSTOK","2018","04","27",14.0,"",5.2,"",8.4,"",2.6,"",.0,"9","",0,"9",.0,"9",6.2,"",.0,"9",.0,"9",.0,"9",.0,"9",.0,"9",2.3,"",.0,"9",.0,"9",.0,"9",.0,"9",.0,"9",.0,"9",.0,"9",.0,"9",11.0,"",.0,"9",0,"",0,"","R",0,"9",0,"9",0,"8"
"353230295","BIA£YSTOK","2018","04","28",20.4,"",1.0,"",11.5,"",-1.3,"",.0,"9","",0,"9",.0,"9",7.3,"",.0,"9",.0,"9",.0,"9",.0,"9",.0,"9",2.7,"",.0,"9",.0,"9",.0,"9",.0,"9",.0,"9",.0,"9",.0,"9",.0,"9",12.0,"",.0,"9",0,"",0,"","R",0,"9",0,"9",0,"8"
"353230295","BIA£YSTOK","2018","04","29",26.3,"",7.1,"",17.0,"",3.8,"",1.3,"","W",0,"9",.0,"9",10.1,"",.5,"",.0,"9",.0,"9",.0,"9",.0,"9",4.3,"",.0,"9",.0,"9",.0,"9",.0,"9",.0,"9",.0,"9",.0,"9",2.6,"",6.0,"",.0,"9",0,"",0,"","R",0,"9",0,"9",0,"8"
"353230295","BIA£YSTOK","2018","04","30",27.6,"",10.3,"",19.1,"",7.5,"",.0,"","W",0,"9",.0,"9",9.8,"",.1,"",.0,"9",.0,"9",.0,"9",.0,"9",3.1,"",.0,"9",.0,"9",.0,"9",.0,"9",.0,"9",.0,"9",.0,"9",.0,"9",2.0,"",.0,"9",0,"",0,"","R",0,"9",0,"9",0,"8"
"353230295","BIA£YSTOK","2018","05","01",25.3,"",13.5,"",18.0,"",9.5,"",.0,"","W",0,"9",.0,"9",8.9,"",.0,"",.0,"9",.0,"9",.0,"9",.0,"9",5.1,"",.0,"9",.0,"9",.0,"9",.0,"9",.0,"9",.0,"9",.0,"9",2.5,"",7.0,"",.0,"9",0,"",0,"","R",0,"9",0,"9",0,"8"
"353230295","BIA£YSTOK","2018","05","02",21.2,"",10.8,"",15.8,"",8.6,"",.0,"9","",0,"9",.0,"9",11.1,"",.0,"9",.0,"9",.0,"9",.0,"9",.0,"9",1.7,"",.0,"9",.0,"9",.0,"9",.0,"9",.0,"9",.0,"9",.0,"9",.0,"9",.0,"9",.0,"9",0,"",0,"","R",0,"9",0,"9",0,"8"
"353230295","BIA£YSTOK","2018","05","03",28.4,"",12.4,"",19.3,"",10.5,"",.0,"9","",0,"9",.0,"9",13.6,"",.0,"9",.0,"9",.0,"9",.0,"9",.0,"9",.0,"9",.0,"9",.0,"9",.0,"9",.0,"9",.0,"9",.0,"9",.0,"9",.0,"9",.0,"9",.0,"9",0,"",0,"","R",0,"9",0,"9",0,"8"
"353230295","BIA£YSTOK","2018","05","04",21.9,"",11.8,"",16.1,"",8.8,"",.0,"9","",0,"9",.0,"9",9.9,"",.0,"9",.0,"9",.0,"9",.0,"9",.0,"9",.0,"9",.0,"9",.0,"9",.0,"9",.0,"9",.0,"9",.0,"9",.0,"9",.0,"9",7.0,"",.0,"9",0,"",0,"","R",0,"9",0,"9",0,"8"
"353230295","BIA£YSTOK","2018","05","05",17.8,"",7.0,"",13.0,"",6.0,"",.0,"9","",0,"9",.0,"9",13.7,"",.0,"9",.0,"9",.0,"9",.0,"9",.0,"9",.0,"9",.0,"9",.0,"9",.0,"9",.0,"9",.0,"9",.0,"9",.0,"9",.0,"9",.0,"9",.0,"9",0,"",0,"","R",0,"9",0,"9",0,"8"
"353230295","BIA£YSTOK","2018","05","06",19.8,"",6.4,"",14.0,"",3.2,"",.0,"9","",0,"9",.0,"9",14.3,"",.0,"9",.0,"9",.0,"9",.0,"9",.0,"9",.0,"9",.0,"9",.0,"9",.0,"9",.0,"9",.0,"9",.0,"9",.0,"9",.0,"9",7.0,"",.0,"9",0,"",0,"","R",0,"9",0,"9",0,"8"
"353230295","BIA£YSTOK","2018","05","07",22.4,"",4.1,"",14.3,"",.5,"",.0,"9","",0,"9",.0,"9",14.4,"",.0,"9",.0,"9",.0,"9",.0,"9",.0,"9",.0,"9",.0,"9",.0,"9",.0,"9",.0,"9",.0,"9",.0,"9",.0,"9",.0,"9",9.0,"",.0,"9",0,"",0,"","R",0,"9",0,"9",0,"8"
"353230295","BIA£YSTOK","2018","05","08",24.5,"",5.9,"",16.5,"",1.8,"",.0,"9","",0,"9",.0,"9",14.5,"",.0,"9",.0,"9",.0,"9",.0,"9",.0,"9",.0,"9",.0,"9",.0,"9",.0,"9",.0,"9",.0,"9",.0,"9",.0,"9",.0,"9",7.0,"",.0,"9",0,"",0,"","R",0,"9",0,"9",0,"8"
"353230295","BIA£YSTOK","2018","05","09",26.2,"",9.5,"",18.7,"",6.9,"",.0,"9","",0,"9",.0,"9",12.9,"",.0,"9",.0,"9",.0,"9",.0,"9",.0,"9",.0,"9",.0,"9",.0,"9",.0,"9",.0,"9",.0,"9",.0,"9",.0,"9",.0,"9",.0,"9",.0,"9",0,"",0,"","R",0,"9",0,"9",0,"8"
"353230295","BIA£YSTOK","2018","05","10",26.9,"",10.6,"",19.8,"",7.1,"",.0,"9","",0,"9",.0,"9",12.0,"",.0,"9",.0,"9",.0,"9",.0,"9",.0,"9",.0,"9",.0,"9",.0,"9",.0,"9",.0,"9",.0,"9",.0,"9",.0,"9",.3,"",7.0,"",.0,"9",0,"",0,"","R",0,"9",0,"9",0,"8"
"353230295","BIA£YSTOK","2018","05","11",23.4,"",13.2,"",17.8,"",11.8,"",.0,"9","",0,"9",.0,"9",14.3,"",.0,"9",.0,"9",.0,"9",.0,"9",.0,"9",.0,"9",.0,"9",.0,"9",.0,"9",.0,"9",.0,"9",.0,"9",.0,"9",.0,"9",2.0,"",.0,"9",0,"",0,"","R",0,"9",0,"9",0,"8"
"353230295","BIA£YSTOK","2018","05","12",22.8,"",5.6,"",15.0,"",1.8,"",.0,"9","",0,"9",.0,"9",14.4,"",.0,"9",.0,"9",.0,"9",.0,"9",.0,"9",.0,"9",.0,"9",.0,"9",.0,"9",.0,"9",.0,"9",.0,"9",.0,"9",.0,"9",9.0,"",.0,"9",0,"",0,"","R",0,"9",0,"9",0,"8"
"353230295","BIA£YSTOK","2018","05","13",25.9,"",6.3,"",16.6,"",3.0,"",.0,"9","",0,"9",.0,"9",13.0,"",.0,"9",.0,"9",.0,"9",.0,"9",.0,"9",.0,"9",.0,"9",.0,"9",.0,"9",.0,"9",.0,"9",.0,"9",.0,"9",.0,"9",6.0,"",.0,"9",0,"",0,"","R",0,"9",0,"9",0,"8"
"353230295","BIA£YSTOK","2018","05","14",20.1,"",5.9,"",13.4,"",2.3,"",4.8,"","W",0,"9",.0,"9",6.9,"",1.4,"",.0,"9",.0,"9",.0,"9",.0,"9",3.1,"",.0,"9",.0,"9",.0,"9",.0,"9",.0,"9",.0,"9",.0,"9",.3,"",6.0,"",.0,"9",0,"",0,"","R",0,"9",0,"9",0,"8"
"353230295","BIA£YSTOK","2018","05","15",20.0,"",9.1,"",13.9,"",5.9,"",.0,"","W",0,"9",.0,"9",9.2,"",1.1,"",.0,"9",.0,"9",.0,"9",.0,"9",.0,"9",.0,"9",.0,"9",.0,"9",.0,"9",.0,"9",.0,"9",.0,"9",.0,"9",5.0,"",.0,"9",0,"",0,"","R",0,"9",0,"9",0,"8"
"353230295","BIA£YSTOK","2018","05","16",20.7,"",9.3,"",15.8,"",6.7,"",2.4,"","W",0,"9",.0,"9",5.2,"",5.3,"",.0,"9",.0,"9",.0,"9",.0,"9",.0,"9",.0,"9",.0,"9",.0,"9",.0,"9",.0,"9",.0,"9",.0,"9",.0,"9",1.2,"",.0,"9",0,"",0,"","R",0,"9",0,"9",0,"8"
"353230295","BIA£YSTOK","2018","05","17",16.0,"",12.7,"",13.8,"",11.9,"",5.4,"","W",0,"9",.0,"9",2.4,"",8.5,"",.0,"9",.0,"9",.0,"9",.0,"9",5.9,"",.0,"9",.0,"9",.0,"9",.0,"9",.0,"9",.0,"9",.0,"9",.0,"9",.0,"9",.0,"9",0,"",0,"","R",0,"9",0,"9",0,"8"
"353230295","BIA£YSTOK","2018","05","18",19.7,"",11.9,"",14.9,"",11.1,"",2.7,"","W",0,"9",.0,"9",2.8,"",2.2,"",.0,"9",.0,"9",.0,"9",.0,"9",.0,"9",.0,"9",.0,"9",.0,"9",.0,"9",.0,"9",.0,"9",.0,"9",.5,"",.0,"9",.0,"9",0,"",0,"","R",0,"9",0,"9",0,"8"
"353230295","BIA£YSTOK","2018","05","19",19.2,"",12.1,"",14.7,"",11.5,"",.0,"9","",0,"9",.0,"9",5.8,"",.0,"9",.0,"9",.0,"9",.0,"9",.0,"9",.0,"9",.0,"9",.0,"9",.0,"9",.0,"9",.0,"9",.0,"9",.0,"9",.0,"9",.0,"9",.0,"9",0,"",0,"","R",0,"9",0,"9",0,"8"
"353230295","BIA£YSTOK","2018","05","20",19.6,"",4.9,"",13.3,"",1.2,"",.0,"9","",0,"9",.0,"9",14.9,"",.0,"9",.0,"9",.0,"9",.0,"9",.0,"9",.0,"9",.0,"9",.0,"9",.0,"9",.0,"9",.0,"9",.0,"9",.0,"9",.0,"9",6.0,"",.0,"9",0,"",0,"","R",0,"9",0,"9",0,"8"
"353230295","BIA£YSTOK","2018","05","21",20.1,"",4.9,"",13.6,"",1.6,"",1.2,"","W",0,"9",.0,"9",11.8,"",2.1,"",.0,"9",.0,"9",.0,"9",.0,"9",.0,"9",.0,"9",.0,"9",.0,"9",.0,"9",.0,"9",.0,"9",.0,"9",.0,"9",6.0,"",.0,"9",0,"",0,"","R",0,"9",0,"9",0,"8"
"353230295","BIA£YSTOK","2018","05","22",21.3,"",7.3,"",15.1,"",3.7,"",14.6,"","W",0,"9",.0,"9",12.5,"",3.1,"",.0,"9",.0,"9",.0,"9",.0,"9",3.3,"",.0,"9",.0,"9",.0,"9",.0,"9",.0,"9",.0,"9",.0,"9",2.8,"",.0,"9",.0,"9",0,"",0,"","R",0,"9",0,"9",0,"8"
"353230295","BIA£YSTOK","2018","05","23",21.4,"",9.5,"",16.2,"",7.2,"",.0,"9","",0,"9",.0,"9",13.9,"",.0,"9",.0,"9",.0,"9",.0,"9",.0,"9",.0,"9",.0,"9",.0,"9",.0,"9",.0,"9",.0,"9",.0,"9",.0,"9",.0,"9",4.0,"",.0,"9",0,"",0,"","R",0,"9",0,"9",0,"8"
"353230295","BIA£YSTOK","2018","05","24",24.0,"",9.9,"",17.0,"",7.0,"",.0,"","W",0,"9",.0,"9",13.2,"",.4,"",.0,"9",.0,"9",.0,"9",.0,"9",.0,"9",.0,"9",.0,"9",.0,"9",.0,"9",.0,"9",.0,"9",.0,"9",.0,"9",12.0,"",.0,"9",0,"",0,"","R",0,"9",0,"9",0,"8"
"353230295","BIA£YSTOK","2018","05","25",24.4,"",9.6,"",17.6,"",6.8,"",.1,"","W",0,"9",.0,"9",10.9,"",.9,"",.0,"9",.0,"9",.0,"9",.0,"9",.8,"",.0,"9",.0,"9",.0,"9",.0,"9",.0,"9",.0,"9",.0,"9",1.2,"",7.0,"",.0,"9",0,"",0,"","R",0,"9",0,"9",0,"8"
"353230295","BIA£YSTOK","2018","05","26",26.6,"",14.2,"",20.9,"",11.8,"",.0,"9","",0,"9",.0,"9",12.3,"",.0,"9",.0,"9",.0,"9",.0,"9",.0,"9",.0,"9",.0,"9",.0,"9",.0,"9",.0,"9",.0,"9",.0,"9",.0,"9",.0,"9",2.0,"",.0,"9",0,"",0,"","R",0,"9",0,"9",0,"8"
"353230295","BIA£YSTOK","2018","05","27",26.4,"",10.6,"",19.4,"",7.6,"",.0,"9","",0,"9",.0,"9",14.1,"",.0,"9",.0,"9",.0,"9",.0,"9",.0,"9",.0,"9",.0,"9",.0,"9",.0,"9",.0,"9",.0,"9",.0,"9",.0,"9",.0,"9",6.0,"",.0,"9",0,"",0,"","R",0,"9",0,"9",0,"8"
"353230295","BIA£YSTOK","2018","05","28",27.0,"",10.4,"",19.2,"",7.2,"",.0,"9","",0,"9",.0,"9",15.3,"",.0,"9",.0,"9",.0,"9",.0,"9",.0,"9",.0,"9",.0,"9",.0,"9",.0,"9",.0,"9",.0,"9",.0,"9",.0,"9",.0,"9",9.0,"",.0,"9",0,"",0,"","R",0,"9",0,"9",0,"8"
"353230295","BIA£YSTOK","2018","05","29",28.2,"",9.8,"",19.9,"",6.5,"",.0,"9","",0,"9",.0,"9",15.5,"",.0,"9",.0,"9",.0,"9",.0,"9",.0,"9",.0,"9",.0,"9",.0,"9",.0,"9",.0,"9",.0,"9",.0,"9",.0,"9",.0,"9",10.0,"",.0,"9",0,"",0,"","R",0,"9",0,"9",0,"8"
"353230295","BIA£YSTOK","2018","05","30",29.6,"",10.5,"",21.1,"",7.5,"",.0,"9","",0,"9",.0,"9",15.5,"",.0,"9",.0,"9",.0,"9",.0,"9",.0,"9",.0,"9",.0,"9",.0,"9",.0,"9",.0,"9",.0,"9",.0,"9",.0,"9",.0,"9",6.0,"",.0,"9",0,"",0,"","R",0,"9",0,"9",0,"8"
"353230295","BIA£YSTOK","2018","05","31",29.0,"",13.5,"",22.2,"",9.4,"",.0,"9","",0,"9",.0,"9",14.0,"",.0,"9",.0,"9",.0,"9",.0,"9",.0,"9",.0,"9",.0,"9",.0,"9",.0,"9",.0,"9",.0,"9",.0,"9",.0,"9",.0,"9",.0,"9",.0,"9",0,"",0,"","R",0,"9",0,"9",0,"8"
"353230295","BIA£YSTOK","2018","06","01",26.3,"",12.4,"",19.4,"",8.2,"",.0,"","W",0,"9",.0,"9",15.3,"",.0,"9",.0,"9",.0,"9",.0,"9",.0,"9",.0,"9",.0,"9",.0,"9",.0,"9",.0,"9",.0,"9",.0,"9",.0,"9",.0,"9",.0,"9",.0,"9",0,"",0,"","R",0,"9",0,"9",0,"8"
"353230295","BIA£YSTOK","2018","06","02",21.8,"",13.0,"",16.2,"",9.6,"",1.6,"","W",0,"9",.0,"9",3.7,"",3.7,"",.0,"9",.0,"9",.0,"9",.0,"9",3.3,"",.0,"9",.0,"9",.0,"9",.0,"9",.0,"9",.0,"9",.0,"9",.0,"9",5.0,"",.0,"9",0,"",0,"","R",0,"9",0,"9",0,"8"
"353230295","BIA£YSTOK","2018","06","03",27.9,"",9.6,"",19.9,"",6.2,"",.0,"9","",0,"9",.0,"9",12.6,"",.0,"9",.0,"9",.0,"9",.0,"9",.0,"9",5.0,"",.0,"9",.0,"9",.0,"9",.0,"9",.0,"9",.0,"9",.0,"9",.0,"9",9.0,"",.0,"9",0,"",0,"","R",0,"9",0,"9",0,"8"
"353230295","BIA£YSTOK","2018","06","04",28.1,"",11.0,"",21.0,"",8.5,"",.0,"","W",0,"9",.0,"9",10.6,"",.9,"",.0,"9",.0,"9",.0,"9",.0,"9",4.3,"",.0,"9",.0,"9",.0,"9",.0,"9",.0,"9",.0,"9",.0,"9",.0,"9",6.0,"",.0,"9",0,"",0,"","R",0,"9",0,"9",0,"8"
"353230295","BIA£YSTOK","2018","06","05",24.7,"",14.9,"",16.5,"",12.6,"",.0,"9","",0,"9",.0,"9",9.1,"",.0,"9",.0,"9",.0,"9",.0,"9",.0,"9",.0,"9",.0,"9",.0,"9",.0,"9",.0,"9",.0,"9",.0,"9",.0,"9",.0,"9",.0,"9",.0,"9",0,"",0,"","R",0,"9",0,"9",0,"8"
"353230295","BIA£YSTOK","2018","06","06",17.1,"",5.0,"",10.9,"",3.1,"",.0,"9","",0,"9",.0,"9",15.4,"",.0,"9",.0,"9",.0,"9",.0,"9",.0,"9",.0,"9",.0,"9",.0,"9",.0,"9",.0,"9",.0,"9",.0,"9",.0,"9",.0,"9",2.0,"",.0,"9",0,"",0,"","R",0,"9",0,"9",0,"8"
"353230295","BIA£YSTOK","2018","06","07",22.3,"",2.3,"",13.4,"",-.6,"",.0,"9","",0,"9",.0,"9",15.7,"",.0,"9",.0,"9",.0,"9",.0,"9",.0,"9",.0,"9",.0,"9",.0,"9",.0,"9",.0,"9",.0,"9",.0,"9",.0,"9",.0,"9",8.0,"",.0,"9",0,"",0,"","R",0,"9",0,"9",0,"8"
"353230295","BIA£YSTOK","2018","06","08",26.6,"",5.4,"",17.3,"",2.2,"",.0,"9","",0,"9",.0,"9",15.5,"",.0,"9",.0,"9",.0,"9",.0,"9",.0,"9",.0,"9",.0,"9",.0,"9",.0,"9",.0,"9",.0,"9",.0,"9",.0,"9",.0,"9",8.0,"",.0,"9",0,"",0,"","R",0,"9",0,"9",0,"8"
"353230295","BIA£YSTOK","2018","06","09",28.3,"",8.8,"",20.5,"",5.6,"",.0,"9","",0,"9",.0,"9",15.6,"",.0,"9",.0,"9",.0,"9",.0,"9",.0,"9",.0,"9",.0,"9",.0,"9",.0,"9",.0,"9",.0,"9",.0,"9",.0,"9",.0,"9",5.0,"",.0,"9",0,"",0,"","R",0,"9",0,"9",0,"8"
"353230295","BIA£YSTOK","2018","06","10",29.5,"",11.9,"",21.9,"",8.2,"",.0,"9","",0,"9",.0,"9",14.0,"",.0,"9",.0,"9",.0,"9",.0,"9",.0,"9",.0,"9",.0,"9",.0,"9",.0,"9",.0,"9",.0,"9",.0,"9",.0,"9",.0,"9",.0,"9",.0,"9",0,"",0,"","R",0,"9",0,"9",0,"8"
"353230295","BIA£YSTOK","2018","06","11",24.2,"",16.3,"",19.6,"",12.5,"",1.2,"","W",0,"9",.0,"9",4.1,"",2.0,"",.0,"9",.0,"9",.0,"9",.0,"9",.0,"9",.0,"9",.0,"9",.0,"9",.0,"9",.0,"9",.0,"9",.0,"9",.0,"9",.0,"9",.0,"9",0,"",0,"","R",0,"9",0,"9",0,"8"
"353230295","BIA£YSTOK","2018","06","12",23.4,"",12.9,"",18.2,"",8.9,"",.0,"9","",0,"9",.0,"9",9.3,"",.0,"9",.0,"9",.0,"9",.0,"9",.0,"9",1.6,"",.0,"9",.0,"9",.0,"9",.0,"9",.0,"9",.0,"9",.0,"9",.0,"9",6.0,"",.0,"9",0,"",0,"","R",0,"9",0,"9",0,"8"
"353230295","BIA£YSTOK","2018","06","13",21.4,"",11.0,"",16.7,"",7.5,"",.0,"9","",0,"9",.0,"9",4.3,"",.0,"9",.0,"9",.0,"9",.0,"9",.0,"9",.0,"9",.0,"9",.0,"9",.0,"9",.0,"9",.0,"9",.0,"9",.0,"9",.0,"9",6.0,"",.0,"9",0,"",0,"","R",0,"9",0,"9",0,"8"
"353230295","BIA£YSTOK","2018","06","14",23.5,"",14.8,"",18.7,"",14.3,"",.0,"9","",0,"9",.0,"9",8.5,"",.0,"9",.0,"9",.0,"9",.0,"9",.0,"9",.0,"9",.0,"9",.0,"9",.0,"9",.0,"9",.0,"9",.0,"9",.0,"9",.0,"9",.0,"9",.0,"9",0,"",0,"","R",0,"9",0,"9",0,"8"
"353230295","BIA£YSTOK","2018","06","15",25.9,"",13.1,"",19.8,"",10.4,"",.0,"9","",0,"9",.0,"9",12.7,"",.0,"9",.0,"9",.0,"9",.0,"9",.0,"9",.0,"9",.0,"9",.0,"9",.0,"9",.0,"9",.0,"9",.0,"9",.0,"9",.0,"9",2.0,"",.0,"9",0,"",0,"","R",0,"9",0,"9",0,"8"
"353230295","BIA£YSTOK","2018","06","16",26.8,"",10.3,"",19.9,"",7.0,"",.0,"9","",0,"9",.0,"9",12.7,"",.0,"9",.0,"9",.0,"9",.0,"9",.0,"9",.0,"9",.0,"9",.0,"9",.0,"9",.0,"9",.0,"9",.0,"9",.0,"9",.0,"9",7.0,"",.0,"9",0,"",0,"","R",0,"9",0,"9",0,"8"
"353230295","BIA£YSTOK","2018","06","17",27.9,"",11.0,"",19.5,"",7.5,"",.0,"9","",0,"9",.0,"9",10.7,"",.0,"9",.0,"9",.0,"9",.0,"9",.0,"9",.0,"9",.0,"9",.0,"9",.0,"9",.0,"9",.0,"9",.0,"9",.0,"9",.0,"9",5.0,"",.0,"9",0,"",0,"","R",0,"9",0,"9",0,"8"
"353230295","BIA£YSTOK","2018","06","18",27.4,"",14.1,"",22.0,"",12.0,"",.0,"9","",0,"9",.0,"9",4.7,"",.0,"9",.0,"9",.0,"9",.0,"9",.0,"9",.0,"9",.0,"9",.0,"9",.0,"9",.0,"9",.0,"9",.0,"9",.0,"9",.0,"9",.0,"9",.0,"9",0,"",0,"","R",0,"9",0,"9",0,"8"
"353230295","BIA£YSTOK","2018","06","19",27.1,"",14.1,"",21.7,"",11.6,"",.0,"","W",0,"9",.0,"9",7.3,"",.3,"",.0,"9",.0,"9",.0,"9",.0,"9",.0,"9",.0,"9",.0,"9",.0,"9",.0,"9",.0,"9",.0,"9",.0,"9",.0,"9",.0,"9",.0,"9",0,"",0,"","R",0,"9",0,"9",0,"8"
"353230295","BIA£YSTOK","2018","06","20",26.7,"",12.3,"",20.1,"",8.3,"",.0,"9","",0,"9",.0,"9",14.7,"",.0,"9",.0,"9",.0,"9",.0,"9",.0,"9",.0,"9",.0,"9",.0,"9",.0,"9",.0,"9",.0,"9",.0,"9",.0,"9",.0,"9",3.0,"",.0,"9",0,"",0,"","R",0,"9",0,"9",0,"8"
"353230295","BIA£YSTOK","2018","06","21",30.3,"",11.3,"",22.0,"",8.6,"",3.8,"","W",0,"9",.0,"9",.0,"8",1.4,"",.0,"9",.0,"9",.0,"9",.0,"9",.0,"9",.0,"9",.0,"9",.0,"9",.0,"9",.0,"9",.0,"9",.0,"9",.9,"",6.0,"",.0,"9",0,"",0,"","R",0,"9",0,"9",0,"8"
"353230295","BIA£YSTOK","2018","06","22",27.8,"",11.3,"",14.2,"",11.0,"",.0,"9","",0,"9",.0,"9",.0,"8",.0,"9",.0,"9",.0,"9",.0,"9",.0,"9",.0,"9",.0,"9",.0,"9",.0,"9",.0,"9",.0,"9",.0,"9",.0,"9",.0,"9",.0,"9",.0,"9",0,"",0,"","R",0,"9",0,"9",0,"8"
"353230295","BIA£YSTOK","2018","06","23",19.7,"",8.0,"",12.2,"",6.8,"",10.6,"","W",0,"9",.0,"9",1.5,"",4.5,"",.0,"9",.0,"9",.0,"9",.0,"9",.0,"9",.0,"9",.0,"9",.0,"9",.0,"9",.0,"9",.0,"9",.0,"9",.0,"9",.0,"9",.0,"9",0,"",0,"","R",0,"9",0,"9",0,"8"
"353230295","BIA£YSTOK","2018","06","24",16.3,"",9.4,"",12.5,"",8.1,"",1.6,"","W",0,"9",.0,"9",4.6,"",.4,"",.0,"9",.0,"9",.0,"9",.0,"9",.0,"9",.0,"9",.0,"9",.0,"9",.0,"9",.0,"9",.0,"9",.0,"9",.0,"9",.0,"9",.0,"9",0,"",0,"","R",0,"9",0,"9",0,"8"
"353230295","BIA£YSTOK","2018","06","25",16.6,"",9.3,"",12.3,"",7.6,"",3.4,"","W",0,"9",.0,"9",1.5,"",8.6,"",.0,"9",.0,"9",.0,"9",.0,"9",.0,"9",.0,"9",.0,"9",.0,"9",.0,"9",.0,"9",.0,"9",.0,"9",.0,"9",.0,"9",.0,"9",0,"",0,"","R",0,"9",0,"9",0,"8"
"353230295","BIA£YSTOK","2018","06","26",20.6,"",10.8,"",15.5,"",10.4,"",.2,"","W",0,"9",.0,"9",5.6,"",1.7,"",.0,"9",.0,"9",.0,"9",.0,"9",.0,"9",.0,"9",.0,"9",.0,"9",.0,"9",.0,"9",.0,"9",.0,"9",.0,"9",.0,"9",.0,"9",0,"",0,"","R",0,"9",0,"9",0,"8"
"353230295","BIA£YSTOK","2018","06","27",26.7,"",13.6,"",20.7,"",13.0,"",.0,"9","",0,"9",.0,"9",11.5,"",1.0,"",.0,"9",.0,"9",.0,"9",.0,"9",.0,"9",.0,"9",.0,"9",.0,"9",.0,"9",.0,"9",.0,"9",.0,"9",.0,"9",.0,"9",.0,"9",0,"",0,"","R",0,"9",0,"9",0,"8"
"353230295","BIA£YSTOK","2018","06","28",26.6,"",17.2,"",21.9,"",15.6,"",.0,"9","",0,"9",.0,"9",4.8,"",.0,"9",.0,"9",.0,"9",.0,"9",.0,"9",.0,"9",.0,"9",.0,"9",.0,"9",.0,"9",.0,"9",.0,"9",.0,"9",.0,"9",2.0,"",.0,"9",0,"",0,"","R",0,"9",0,"9",0,"8"
"353230295","BIA£YSTOK","2018","06","29",29.5,"",12.0,"",21.3,"",9.2,"",.0,"9","",0,"9",.0,"9",13.2,"",.0,"9",.0,"9",.0,"9",.0,"9",.0,"9",.0,"9",.0,"9",.0,"9",.0,"9",.0,"9",.0,"9",.0,"9",.0,"9",.0,"9",5.0,"",.0,"9",0,"",0,"","R",0,"9",0,"9",0,"8"
"353230295","BIA£YSTOK","2018","06","30",22.2,"",11.6,"",15.0,"",10.8,"",.0,"","W",0,"9",.0,"9",.7,"",.6,"",.0,"9",.0,"9",.0,"9",.0,"9",.0,"9",.0,"9",.0,"9",.0,"9",.0,"9",.0,"9",.0,"9",.0,"9",.0,"9",.0,"9",.0,"9",0,"",0,"","R",0,"9",0,"9",0,"8"
"353230295","BIA£YSTOK","2018","07","01",16.3,"",11.2,"",12.2,"",10.7,"",8.3,"","W",0,"9",.0,"9",.0,"9",2.3,"",.0,"9",.0,"9",.0,"9",.0,"9",.0,"9",.0,"9",.0,"9",.0,"9",.0,"9",.0,"9",.0,"9",.0,"9",.0,"9",.0,"9",.0,"9",0,"",0,"","R",0,"9",0,"9",0,"8"
"353230295","BIA£YSTOK","2018","07","02",12.3,"",10.1,"",11.0,"",9.8,"",21.8,"","W",0,"9",.0,"9",.0,"9",19.3,"",.0,"9",.0,"9",.0,"9",.0,"9",6.1,"",.0,"9",.0,"9",.0,"9",.0,"9",.0,"9",.0,"9",.0,"9",.0,"9",.0,"9",.0,"9",0,"",0,"","R",0,"9",0,"9",0,"8"
"353230295","BIA£YSTOK","2018","07","03",15.2,"",10.6,"",12.8,"",10.5,"",1.0,"","W",0,"9",.0,"9",.0,"9",6.8,"",.0,"9",.0,"9",.0,"9",.0,"9",4.8,"",.0,"9",.0,"9",.0,"9",.0,"9",.0,"9",.0,"9",.0,"9",.0,"9",.0,"9",.0,"9",0,"",0,"","R",0,"9",0,"9",0,"8"
"353230295","BIA£YSTOK","2018","07","04",24.7,"",11.5,"",17.4,"",8.7,"",.1,"","W",0,"9",.0,"9",6.5,"",.3,"",.0,"9",.0,"9",.0,"9",.0,"9",.6,"",.0,"9",.0,"9",.0,"9",.0,"9",.0,"9",.0,"9",.0,"9",.0,"9",.0,"9",.0,"9",0,"",0,"","R",0,"9",0,"9",0,"8"
"353230295","BIA£YSTOK","2018","07","05",29.0,"",13.7,"",21.8,"",10.8,"",.0,"9","",0,"9",.0,"9",14.6,"",.0,"9",.0,"9",.0,"9",.0,"9",.0,"9",.0,"9",.0,"9",.0,"9",.0,"9",.0,"9",.0,"9",.0,"9",.0,"9",.0,"9",3.0,"",.0,"9",0,"",0,"","R",0,"9",0,"9",0,"8"
"353230295","BIA£YSTOK","2018","07","06",24.9,"",14.2,"",18.3,"",11.0,"",.0,"9","",0,"9",.0,"9",7.3,"",.0,"9",.0,"9",.0,"9",.0,"9",.0,"9",.0,"9",.0,"9",.0,"9",.0,"9",.0,"9",.0,"9",.0,"9",.0,"9",.0,"9",8.0,"",.0,"9",0,"",0,"","R",0,"9",0,"9",0,"8"
"353230295","BIA£YSTOK","2018","07","07",24.3,"",13.7,"",19.0,"",12.7,"",.0,"9","",0,"9",.0,"9",11.4,"",.0,"9",.0,"9",.0,"9",.0,"9",.0,"9",.0,"9",.0,"9",.0,"9",.0,"9",.0,"9",.0,"9",.0,"9",.0,"9",.0,"9",6.0,"",.0,"9",0,"",0,"","R",0,"9",0,"9",0,"8"
"353230295","BIA£YSTOK","2018","07","08",25.6,"",12.9,"",19.6,"",10.4,"",.0,"9","",0,"9",.0,"9",14.9,"",.0,"9",.0,"9",.0,"9",.0,"9",.0,"9",.0,"9",.0,"9",.0,"9",.0,"9",.0,"9",.0,"9",.0,"9",.0,"9",.0,"9",.0,"9",.0,"9",0,"",0,"","R",0,"9",0,"9",0,"8"
"353230295","BIA£YSTOK","2018","07","09",24.6,"",12.4,"",18.2,"",10.0,"",.0,"9","",0,"9",.0,"9",.0,"8",.0,"9",.0,"9",.0,"9",.0,"9",.0,"9",.0,"9",.0,"9",.0,"9",.0,"9",.0,"9",.0,"9",.0,"9",.0,"9",.0,"9",.0,"9",.0,"9",0,"",0,"","R",0,"9",0,"9",0,"8"
"353230295","BIA£YSTOK","2018","07","10",26.4,"",12.2,"",19.7,"",9.7,"",.0,"9","",0,"9",.0,"9",7.6,"",.0,"9",.0,"9",.0,"9",.0,"9",.0,"9",.0,"9",.0,"9",.0,"9",.0,"9",.0,"9",.0,"9",.0,"9",.0,"9",.0,"9",.0,"9",.0,"9",0,"",0,"","R",0,"9",0,"9",0,"8"
"353230295","BIA£YSTOK","2018","07","11",27.6,"",12.0,"",21.0,"",9.1,"",.0,"","W",0,"9",.0,"9",7.4,"",.0,"9",.0,"9",.0,"9",.0,"9",.0,"9",.0,"9",.0,"9",.0,"9",.0,"9",.0,"9",.0,"9",.0,"9",.0,"9",.0,"9",.0,"9",.0,"9",0,"",0,"","R",0,"9",0,"9",0,"8"
"353230295","BIA£YSTOK","2018","07","12",23.5,"",16.4,"",19.1,"",13.4,"",22.7,"","W",0,"9",.0,"9",3.3,"",3.1,"",.0,"9",.0,"9",.0,"9",.0,"9",7.1,"",.0,"9",.0,"9",.0,"9",.0,"9",.0,"9",.0,"9",.0,"9",2.3,"",.0,"9",.0,"9",0,"",0,"","R",0,"9",0,"9",0,"8"
"353230295","BIA£YSTOK","2018","07","13",22.2,"",11.3,"",16.4,"",9.9,"",.3,"","W",0,"9",.0,"9",5.9,"",1.4,"",.0,"9",.0,"9",.0,"9",.0,"9",5.9,"",.0,"9",.0,"9",.0,"9",.0,"9",.0,"9",.0,"9",.0,"9",1.2,"",.0,"9",.0,"9",0,"",0,"","R",0,"9",0,"9",0,"8"
"353230295","BIA£YSTOK","2018","07","14",19.1,"",14.5,"",17.2,"",12.3,"",20.4,"","W",0,"9",.0,"9",.7,"",11.5,"",.0,"9",.0,"9",.0,"9",.0,"9",9.9,"",.0,"9",.0,"9",.0,"9",.0,"9",.0,"9",.0,"9",.0,"9",.7,"",.0,"9",.0,"9",0,"",0,"","R",0,"9",0,"9",0,"8"
"353230295","BIA£YSTOK","2018","07","15",22.7,"",16.7,"",18.5,"",16.3,"",24.6,"","W",0,"9",.0,"9",3.4,"",2.8,"",.0,"9",.0,"9",.0,"9",.0,"9",1.5,"",.0,"9",.0,"9",.0,"9",.0,"9",.0,"9",.0,"9",.0,"9",4.4,"",.0,"9",.0,"9",0,"",0,"","R",0,"9",0,"9",0,"8"
"353230295","BIA£YSTOK","2018","07","16",21.8,"",16.3,"",19.3,"",14.8,"",12.2,"","W",0,"9",.0,"9",2.1,"",7.9,"",.0,"9",.0,"9",.0,"9",.0,"9",3.9,"",.0,"9",.0,"9",.0,"9",.0,"9",.0,"9",.0,"9",.0,"9",1.1,"",.0,"9",.0,"9",0,"",0,"","R",0,"9",0,"9",0,"8"
"353230295","BIA£YSTOK","2018","07","17",22.5,"",17.7,"",19.9,"",17.4,"",17.2,"","W",0,"9",.0,"9",1.6,"",7.8,"",.0,"9",.0,"9",.0,"9",.0,"9",3.9,"",.0,"9",.0,"9",.0,"9",.0,"9",.0,"9",.0,"9",.0,"9",1.1,"",.0,"9",.0,"9",0,"",0,"","R",0,"9",0,"9",0,"8"
"353230295","BIA£YSTOK","2018","07","18",29.2,"",18.2,"",23.4,"",16.9,"",.5,"","W",0,"9",.0,"9",8.3,"",.3,"",.0,"9",.0,"9",.0,"9",.0,"9",6.6,"",.0,"9",.0,"9",.0,"9",.0,"9",.0,"9",.0,"9",.0,"9",.0,"9",2.0,"",.0,"9",0,"",0,"","R",0,"9",0,"9",0,"8"
"353230295","BIA£YSTOK","2018","07","19",28.7,"",16.7,"",23.1,"",14.4,"",.0,"9","",0,"9",.0,"9",13.3,"",.0,"9",.0,"9",.0,"9",.0,"9",.0,"9",3.8,"",.0,"9",.0,"9",.0,"9",.0,"9",.0,"9",.0,"9",.0,"9",.0,"9",11.0,"",.0,"9",0,"",0,"","R",0,"9",0,"9",0,"8"
"353230295","BIA£YSTOK","2018","07","20",27.0,"",18.6,"",20.7,"",17.8,"",3.4,"","W",0,"9",.0,"9",4.9,"",4.5,"",.0,"9",.0,"9",.0,"9",.0,"9",3.5,"",.0,"9",.0,"9",.0,"9",.0,"9",.0,"9",.0,"9",.0,"9",.7,"",8.0,"",.0,"9",0,"",0,"","R",0,"9",0,"9",0,"8"
"353230295","BIA£YSTOK","2018","07","21",26.2,"",17.4,"",20.8,"",16.4,"",.0,"9","",0,"9",.0,"9",10.2,"",.0,"9",.0,"9",.0,"9",.0,"9",.0,"9",3.2,"",.0,"9",.0,"9",.0,"9",.0,"9",.0,"9",.0,"9",.0,"9",.0,"9",5.0,"",.0,"9",0,"",0,"","R",0,"9",0,"9",0,"8"
"353230295","BIA£YSTOK","2018","07","22",27.9,"",13.4,"",22.0,"",11.7,"",.0,"9","",0,"9",.0,"9",13.6,"",.0,"9",.0,"9",.0,"9",.0,"9",.0,"9",3.8,"",.0,"9",.0,"9",.0,"9",.0,"9",.0,"9",.0,"9",.0,"9",.0,"9",11.0,"",.0,"9",0,"",0,"","R",0,"9",0,"9",0,"8"
"353230295","BIA£YSTOK","2018","07","23",28.4,"",17.3,"",22.0,"",16.1,"",.1,"","W",0,"9",.0,"9",6.8,"",.2,"",.0,"9",.0,"9",.0,"9",.0,"9",.0,"9",.0,"9",.0,"9",.0,"9",.0,"9",.0,"9",.0,"9",.0,"9",.5,"",8.0,"",.0,"9",0,"",0,"","R",0,"9",0,"9",0,"8"
"353230295","BIA£YSTOK","2018","07","24",26.6,"",18.3,"",21.4,"",17.5,"",1.5,"","W",0,"9",.0,"9",7.7,"",1.4,"",.0,"9",.0,"9",.0,"9",.0,"9",.0,"9",.0,"9",.0,"9",.0,"9",.0,"9",.0,"9",.0,"9",.0,"9",.0,"9",4.0,"",.0,"9",0,"",0,"","R",0,"9",0,"9",0,"8"
"353230295","BIA£YSTOK","2018","07","25",27.2,"",16.2,"",21.7,"",13.6,"",.0,"9","",0,"9",.0,"9",7.1,"",.0,"9",.0,"9",.0,"9",.0,"9",.0,"9",4.9,"",.0,"9",.0,"9",.0,"9",.0,"9",.0,"9",.0,"9",.0,"9",.0,"9",12.0,"",.0,"9",0,"",0,"","R",0,"9",0,"9",0,"8"
"353230295","BIA£YSTOK","2018","07","26",27.3,"",15.7,"",21.0,"",13.2,"",10.2,"","W",0,"9",.0,"9",7.2,"",.4,"",.0,"9",.0,"9",.0,"9",.0,"9",9.0,"",.0,"9",.0,"9",.0,"9",.0,"9",.0,"9",.0,"9",.0,"9",.6,"",7.0,"",.0,"9",0,"",0,"","R",0,"9",0,"9",0,"8"
"353230295","BIA£YSTOK","2018","07","27",26.6,"",17.2,"",22.4,"",14.8,"",.3,"","W",0,"9",.0,"9",8.6,"",.9,"",.0,"9",.0,"9",.0,"9",.0,"9",2.8,"",.0,"9",.0,"9",.0,"9",.0,"9",.0,"9",.0,"9",.0,"9",.0,"9",.0,"9",.0,"9",0,"",1,"","R",0,"9",0,"9",0,"8"
"353230295","BIA£YSTOK","2018","07","28",28.3,"",18.9,"",23.0,"",16.6,"",.0,"","W",0,"9",.0,"9",6.6,"",.3,"",.0,"9",.0,"9",.0,"9",.0,"9",5.4,"",.0,"9",.0,"9",.0,"9",.0,"9",.0,"9",.0,"9",.0,"9",1.1,"",3.0,"",.0,"9",0,"",0,"","R",0,"9",0,"9",0,"8"
"353230295","BIA£YSTOK","2018","07","29",30.0,"",19.3,"",23.8,"",16.9,"",.0,"","W",0,"9",.0,"9",5.9,"",.2,"",.0,"9",.0,"9",.0,"9",.0,"9",.0,"9",.0,"9",.0,"9",.0,"9",.0,"9",.0,"9",.0,"9",.0,"9",.8,"",11.0,"",.0,"9",0,"",0,"","R",0,"9",0,"9",0,"8"
"353230295","BIA£YSTOK","2018","07","30",29.6,"",17.9,"",24.0,"",15.1,"",.0,"","W",0,"9",.0,"9",8.9,"",.0,"",.0,"9",.0,"9",.0,"9",.0,"9",.0,"9",.0,"9",.0,"9",.0,"9",.0,"9",.0,"9",.0,"9",.0,"9",.0,"9",8.0,"",.0,"9",0,"",0,"","R",0,"9",0,"9",0,"8"
"353230295","BIA£YSTOK","2018","07","31",31.0,"",18.7,"",23.5,"",16.1,"",.2,"","W",0,"9",.0,"9",6.2,"",.3,"",.0,"9",.0,"9",.0,"9",.0,"9",8.3,"",.0,"9",.0,"9",.0,"9",.0,"9",.0,"9",.0,"9",.0,"9",2.0,"",13.0,"",.0,"9",0,"",0,"","R",0,"9",0,"9",0,"8"
"353230295","BIA£YSTOK","2018","08","01",30.2,"",16.7,"",23.2,"",14.7,"",.0,"9","",0,"9",.0,"9",13.3,"",.0,"9",.0,"9",.0,"9",.0,"9",.0,"9",4.5,"",.0,"9",.0,"9",.0,"9",.0,"9",.0,"9",.0,"9",.0,"9",.0,"9",11.0,"",.0,"9",0,"",0,"","R",0,"9",0,"9",0,"8"
"353230295","BIA£YSTOK","2018","08","02",30.7,"",16.0,"",23.0,"",13.5,"",.0,"9","",0,"9",.0,"9",13.4,"",.0,"9",.0,"9",.0,"9",.0,"9",.0,"9",.0,"9",.0,"9",.0,"9",.0,"9",.0,"9",.0,"9",.0,"9",.0,"9",.0,"9",13.0,"",.0,"9",0,"",0,"","R",0,"9",0,"9",0,"8"
"353230295","BIA£YSTOK","2018","08","03",30.5,"",16.4,"",23.4,"",14.6,"",.0,"9","",0,"9",.0,"9",9.7,"",.0,"9",.0,"9",.0,"9",.0,"9",.0,"9",2.8,"",.0,"9",.0,"9",.0,"9",.0,"9",.0,"9",.0,"9",.0,"9",.0,"9",12.0,"",.0,"9",0,"",0,"","R",0,"9",0,"9",0,"8"
"353230295","BIA£YSTOK","2018","08","04",28.9,"",16.9,"",22.6,"",14.5,"",.0,"9","",0,"9",.0,"9",13.0,"",.0,"9",.0,"9",.0,"9",.0,"9",.0,"9",5.3,"",.0,"9",.0,"9",.0,"9",.0,"9",.0,"9",.0,"9",.0,"9",.0,"9",12.0,"",.0,"9",0,"",0,"","R",0,"9",0,"9",0,"8"
"353230295","BIA£YSTOK","2018","08","05",27.0,"",15.4,"",21.2,"",12.9,"",.1,"","W",0,"9",.0,"9",8.9,"",.3,"",.0,"9",.0,"9",.0,"9",.0,"9",1.7,"",.0,"9",.0,"9",.0,"9",.0,"9",.0,"9",.0,"9",.0,"9",.0,"9",7.0,"",.0,"9",0,"",0,"","R",0,"9",0,"9",0,"8"
"353230295","BIA£YSTOK","2018","08","06",24.6,"",14.2,"",19.1,"",11.3,"",.0,"9","",0,"9",.0,"9",9.1,"",.0,"9",.0,"9",.0,"9",.0,"9",.0,"9",.0,"9",.0,"9",.0,"9",.0,"9",.0,"9",.0,"9",.0,"9",.0,"9",.0,"9",3.0,"",.0,"9",0,"",0,"","R",0,"9",0,"9",0,"8"
"353230295","BIA£YSTOK","2018","08","07",26.2,"",10.9,"",19.0,"",8.0,"",.0,"9","",0,"9",.0,"9",12.0,"",.0,"9",.0,"9",.0,"9",.0,"9",.0,"9",.0,"9",.0,"9",.0,"9",.0,"9",.0,"9",.0,"9",.0,"9",.0,"9",.0,"9",13.0,"",.0,"9",0,"",0,"","R",0,"9",0,"9",0,"8"
"353230295","BIA£YSTOK","2018","08","08",29.3,"",12.7,"",21.5,"",9.9,"",.0,"9","",0,"9",.0,"9",14.2,"",.0,"9",.0,"9",.0,"9",.0,"9",.0,"9",.0,"9",.0,"9",.0,"9",.0,"9",.0,"9",.0,"9",.0,"9",.0,"9",.0,"9",13.0,"",.0,"9",0,"",0,"","R",0,"9",0,"9",0,"8"
"353230295","BIA£YSTOK","2018","08","09",30.4,"",13.5,"",23.3,"",10.0,"",.0,"9","",0,"9",.0,"9",13.9,"",.0,"9",.0,"9",.0,"9",.0,"9",.0,"9",.0,"9",.0,"9",.0,"9",.0,"9",.0,"9",.0,"9",.0,"9",.0,"9",.0,"9",6.0,"",.0,"9",0,"",0,"","R",0,"9",0,"9",0,"8"
"353230295","BIA£YSTOK","2018","08","10",30.6,"",17.9,"",23.6,"",15.2,"",4.7,"","W",0,"9",.0,"9",12.2,"",5.8,"",.0,"9",.0,"9",.0,"9",.0,"9",3.5,"",.0,"9",.0,"9",.0,"9",.0,"9",.0,"9",.0,"9",.0,"9",.0,"9",.0,"9",.0,"9",0,"",0,"","R",0,"9",0,"9",0,"8"
"353230295","BIA£YSTOK","2018","08","11",22.0,"",17.7,"",18.6,"",17.9,"",1.3,"","W",0,"9",.0,"9",.0,"9",6.1,"",.0,"9",.0,"9",.0,"9",.0,"9",7.8,"",.0,"9",.0,"9",.0,"9",.0,"9",.0,"9",.0,"9",.0,"9",.0,"9",.0,"9",.0,"9",0,"",0,"","R",0,"9",0,"9",0,"8"
"353230295","BIA£YSTOK","2018","08","12",21.6,"",13.3,"",16.4,"",10.9,"",.0,"9","",0,"9",.0,"9",13.6,"",.0,"9",.0,"9",.0,"9",.0,"9",.0,"9",2.8,"",.0,"9",.0,"9",.0,"9",.0,"9",.0,"9",.0,"9",.0,"9",.0,"9",5.0,"",.0,"9",0,"",0,"","R",0,"9",0,"9",0,"8"
"353230295","BIA£YSTOK","2018","08","13",27.6,"",9.2,"",18.8,"",6.3,"",.0,"9","",0,"9",.0,"9",13.1,"",.0,"9",.0,"9",.0,"9",.0,"9",.0,"9",.0,"9",.0,"9",.0,"9",.0,"9",.0,"9",.0,"9",.0,"9",.0,"9",.0,"9",11.0,"",.0,"9",0,"",0,"","R",0,"9",0,"9",0,"8"
"353230295","BIA£YSTOK","2018","08","14",31.0,"",12.8,"",20.5,"",10.7,"",1.9,"","W",0,"9",.0,"9",7.9,"",1.6,"",.0,"9",.0,"9",.0,"9",.0,"9",3.1,"",.0,"9",.0,"9",.0,"9",.0,"9",.0,"9",.0,"9",.0,"9",1.9,"",8.0,"",.0,"9",0,"",0,"","R",0,"9",0,"9",0,"8"
"353230295","BIA£YSTOK","2018","08","15",25.3,"",15.2,"",19.5,"",12.4,"",.2,"","W",0,"9",.0,"9",8.5,"",.8,"",.0,"9",.0,"9",.0,"9",.0,"9",.0,"9",.0,"9",.0,"9",.0,"9",.0,"9",.0,"9",.0,"9",.0,"9",.0,"9",12.0,"",.0,"9",0,"",0,"","R",0,"9",0,"9",0,"8"
"353230295","BIA£YSTOK","2018","08","16",24.0,"",13.3,"",17.8,"",10.6,"",.0,"9","",0,"9",.0,"9",6.2,"",.0,"9",.0,"9",.0,"9",.0,"9",.0,"9",3.2,"",.0,"9",.0,"9",.0,"9",.0,"9",.0,"9",.0,"9",.0,"9",.0,"9",13.0,"",.0,"9",0,"",0,"","R",0,"9",0,"9",0,"8"
"353230295","BIA£YSTOK","2018","08","17",26.7,"",10.9,"",18.5,"",7.8,"",.0,"9","",0,"9",.0,"9",11.7,"",.0,"9",.0,"9",.0,"9",.0,"9",.0,"9",3.2,"",.0,"9",.0,"9",.0,"9",.0,"9",.0,"9",.0,"9",.0,"9",.0,"9",13.0,"",.0,"9",0,"",0,"","R",0,"9",0,"9",0,"8"
"353230295","BIA£YSTOK","2018","08","18",28.1,"",11.8,"",20.5,"",9.4,"",.0,"9","",0,"9",.0,"9",11.9,"",.0,"9",.0,"9",.0,"9",.0,"9",.0,"9",.0,"9",.0,"9",.0,"9",.0,"9",.0,"9",.0,"9",.0,"9",.0,"9",.0,"9",10.0,"",.0,"9",0,"",0,"","R",0,"9",0,"9",0,"8"
"353230295","BIA£YSTOK","2018","08","19",27.4,"",15.5,"",20.7,"",13.1,"",.0,"9","",0,"9",.0,"9",8.4,"",.0,"9",.0,"9",.0,"9",.0,"9",.0,"9",.0,"9",.0,"9",.0,"9",.0,"9",.0,"9",.0,"9",.0,"9",.0,"9",.0,"9",12.0,"",.0,"9",0,"",0,"","R",0,"9",0,"9",0,"8"
"353230295","BIA£YSTOK","2018","08","20",30.1,"",13.7,"",22.9,"",11.3,"",.0,"9","",0,"9",.0,"9",11.4,"",.0,"9",.0,"9",.0,"9",.0,"9",.0,"9",.0,"9",.0,"9",.0,"9",.0,"9",.0,"9",.0,"9",.0,"9",.0,"9",.0,"9",8.0,"",.0,"9",0,"",0,"","R",0,"9",0,"9",0,"8"
"353230295","BIA£YSTOK","2018","08","21",25.7,"",16.5,"",18.8,"",14.2,"",.0,"9","",0,"9",.0,"9",10.7,"",.0,"9",.0,"9",.0,"9",.0,"9",.0,"9",.0,"9",.0,"9",.0,"9",.0,"9",.0,"9",.0,"9",.0,"9",.0,"9",.0,"9",.0,"9",.0,"9",0,"",0,"","R",0,"9",0,"9",0,"8"
"353230295","BIA£YSTOK","2018","08","22",23.5,"",7.7,"",15.5,"",3.8,"",.0,"9","",0,"9",.0,"9",13.4,"",.0,"9",.0,"9",.0,"9",.0,"9",.0,"9",.0,"9",.0,"9",.0,"9",.0,"9",.0,"9",.0,"9",.0,"9",.0,"9",.0,"9",6.0,"",.0,"9",0,"",0,"","R",0,"9",0,"9",0,"8"
"353230295","BIA£YSTOK","2018","08","23",27.0,"",7.5,"",18.7,"",4.5,"",.0,"9","",0,"9",.0,"9",13.2,"",.0,"9",.0,"9",.0,"9",.0,"9",.0,"9",.0,"9",.0,"9",.0,"9",.0,"9",.0,"9",.0,"9",.0,"9",.0,"9",.0,"9",6.0,"",.0,"9",0,"",0,"","R",0,"9",0,"9",0,"8"
"353230295","BIA£YSTOK","2018","08","24",30.7,"",16.9,"",21.8,"",15.2,"",7.9,"","W",0,"9",.0,"9",8.9,"",2.3,"",.0,"9",.0,"9",.0,"9",.0,"9",2.2,"",.0,"9",.0,"9",.0,"9",.0,"9",.0,"9",.0,"9",.0,"9",1.0,"",.0,"9",.0,"9",0,"",0,"","R",0,"9",0,"9",0,"8"
"353230295","BIA£YSTOK","2018","08","25",20.3,"",15.3,"",17.3,"",14.1,"",.8,"","W",0,"9",.0,"9",.5,"",6.0,"",.0,"9",.0,"9",.0,"9",.0,"9",12.2,"",.0,"9",.0,"9",.0,"9",.0,"9",.0,"9",.0,"9",.0,"9",.0,"9",.0,"9",.0,"9",0,"",0,"","R",0,"9",0,"9",0,"8"
"353230295","BIA£YSTOK","2018","08","26",16.4,"",10.5,"",12.7,"",9.0,"",8.5,"","W",0,"9",.0,"9",1.2,"",10.3,"",.0,"9",.0,"9",.0,"9",.0,"9",6.3,"",.0,"9",.0,"9",.0,"9",.0,"9",.0,"9",.0,"9",.0,"9",.0,"9",.0,"9",.0,"9",0,"",0,"","R",0,"9",0,"9",0,"8"
"353230295","BIA£YSTOK","2018","08","27",19.7,"",10.8,"",13.7,"",9.1,"",.0,"9","",0,"9",.0,"9",5.6,"",.6,"",.0,"9",.0,"9",.0,"9",1.3,"",5.9,"",.0,"9",.0,"9",.0,"9",.0,"9",.0,"9",.0,"9",.0,"9",.0,"9",7.0,"",.0,"9",0,"",0,"","R",0,"9",0,"9",0,"8"
"353230295","BIA£YSTOK","2018","08","28",21.8,"",7.1,"",15.0,"",5.2,"",.0,"9","",0,"9",.0,"9",4.9,"",.0,"9",.0,"9",.0,"9",.0,"9",.0,"9",1.2,"",.0,"9",.0,"9",.0,"9",.0,"9",.0,"9",.0,"9",.0,"9",.0,"9",9.0,"",.0,"9",0,"",1,"","R",0,"9",0,"9",0,"8"
"353230295","BIA£YSTOK","2018","08","29",21.6,"",12.2,"",15.9,"",10.5,"",.0,"9","",0,"9",.0,"9",8.3,"",.0,"9",.0,"9",.0,"9",.0,"9",.0,"9",1.4,"",.0,"9",.0,"9",.0,"9",.0,"9",.0,"9",.0,"9",.0,"9",.0,"9",6.0,"",.0,"9",0,"",0,"","R",0,"9",0,"9",0,"8"
"353230295","BIA£YSTOK","2018","08","30",23.4,"",7.3,"",15.4,"",5.2,"",.0,"","W",0,"9",.0,"9",11.4,"",.0,"9",.0,"9",.0,"9",.0,"9",.0,"9",2.8,"",.0,"9",.0,"9",.0,"9",.0,"9",.0,"9",.0,"9",.0,"9",.0,"9",14.0,"",.0,"9",0,"",0,"","R",0,"9",0,"9",0,"8"
"353230295","BIA£YSTOK","2018","08","31",22.6,"",11.1,"",16.1,"",7.6,"",.5,"","W",0,"9",.0,"9",3.8,"",1.4,"",.0,"9",.0,"9",.0,"9",.0,"9",3.3,"",.0,"9",.0,"9",.0,"9",.0,"9",.0,"9",.0,"9",.0,"9",.0,"9",11.9,"",.0,"9",0,"",0,"","R",0,"9",0,"9",0,"8"
"353230295","BIA£YSTOK","2018","09","01",23.8,"",8.0,"",16.3,"",5.4,"",.0,"9","",0,"9",.0,"9",11.5,"",.0,"9",.0,"9",.0,"9",.0,"9",.0,"9",5.9,"",.0,"9",.0,"9",.0,"9",.0,"9",.0,"9",.0,"9",.0,"9",.0,"9",9.0,"",.0,"9",0,"",0,"","R",0,"9",0,"9",0,"8"
"353230295","BIA£YSTOK","2018","09","02",25.5,"",11.1,"",18.8,"",8.4,"",.0,"9","",0,"9",.0,"9",11.1,"",.0,"9",.0,"9",.0,"9",.0,"9",.0,"9",.0,"9",.0,"9",.0,"9",.0,"9",.0,"9",.0,"9",.0,"9",.0,"9",.0,"9",7.0,"",.0,"9",0,"",0,"","R",0,"9",0,"9",0,"8"
"353230295","BIA£YSTOK","2018","09","03",24.8,"",13.8,"",19.1,"",11.8,"",.0,"9","",0,"9",.0,"9",10.3,"",.0,"9",.0,"9",.0,"9",.0,"9",.0,"9",2.3,"",.0,"9",.0,"9",.0,"9",.0,"9",.0,"9",.0,"9",.0,"9",.0,"9",8.0,"",.0,"9",0,"",0,"","R",0,"9",0,"9",0,"8"
"353230295","BIA£YSTOK","2018","09","04",25.4,"",11.5,"",17.7,"",8.3,"",25.9,"","W",0,"9",.0,"9",7.4,"",3.0,"",.0,"9",.0,"9",.1,"",.0,"9",10.6,"",.0,"9",.0,"9",.0,"9",.0,"9",.0,"9",.0,"9",.0,"9",4.0,"",7.0,"",.0,"9",0,"",0,"","R",0,"9",0,"9",0,"8"
"353230295","BIA£YSTOK","2018","09","05",22.3,"",12.1,"",16.5,"",9.8,"",.4,"","W",0,"9",.0,"9",5.8,"",1.3,"",.0,"9",.0,"9",.0,"9",.1,"",8.3,"",.0,"9",.0,"9",.0,"9",.0,"9",.0,"9",.0,"9",.0,"9",.0,"9",5.3,"",.0,"9",0,"",0,"","R",0,"9",0,"9",0,"8"
"353230295","BIA£YSTOK","2018","09","06",25.7,"",13.1,"",18.3,"",10.0,"",.0,"9","",0,"9",.0,"9",10.4,"",.0,"9",.0,"9",.0,"9",.0,"9",.0,"9",8.0,"",.0,"9",.0,"9",.0,"9",.0,"9",.0,"9",.0,"9",.0,"9",.0,"9",6.0,"",.0,"9",0,"",0,"","R",0,"9",0,"9",0,"8"
"353230295","BIA£YSTOK","2018","09","07",22.2,"",11.0,"",16.5,"",7.9,"",.0,"9","",0,"9",.0,"9",1.4,"",.0,"9",.0,"9",.0,"9",.0,"9",.0,"9",5.0,"",.0,"9",.0,"9",.0,"9",.0,"9",.0,"9",.0,"9",.0,"9",.0,"9",13.0,"",.0,"9",0,"",0,"","R",0,"9",0,"9",0,"8"
"353230295","BIA£YSTOK","2018","09","08",23.5,"",12.3,"",17.1,"",9.2,"",.0,"9","",0,"9",.0,"9",10.5,"",.0,"9",.0,"9",.0,"9",.0,"9",.0,"9",5.3,"",.0,"9",.0,"9",.0,"9",.0,"9",.0,"9",.0,"9",.0,"9",.0,"9",11.0,"",.0,"9",0,"",0,"","R",0,"9",0,"9",0,"8"
"353230295","BIA£YSTOK","2018","09","09",23.6,"",11.2,"",17.1,"",9.7,"",.0,"9","",0,"9",.0,"9",9.4,"",.0,"9",.0,"9",.0,"9",.0,"9",.0,"9",5.5,"",.0,"9",.0,"9",.0,"9",.0,"9",.0,"9",.0,"9",.0,"9",.0,"9",8.0,"",.0,"9",0,"",0,"","R",0,"9",0,"9",0,"8"
"353230295","BIA£YSTOK","2018","09","10",23.8,"",10.2,"",17.0,"",7.5,"",.0,"9","",0,"9",.0,"9",10.1,"",.0,"9",.0,"9",.0,"9",.0,"9",.0,"9",.3,"",.0,"9",.0,"9",.0,"9",.0,"9",.0,"9",.0,"9",.0,"9",.0,"9",12.0,"",.0,"9",0,"",0,"","R",0,"9",0,"9",0,"8"
"353230295","BIA£YSTOK","2018","09","11",23.5,"",9.4,"",16.8,"",6.5,"",.0,"9","",0,"9",.0,"9",9.0,"",.0,"9",.0,"9",.0,"9",.0,"9",.0,"9",4.7,"",.0,"9",.0,"9",.0,"9",.0,"9",.0,"9",.0,"9",.0,"9",.0,"9",9.0,"",.0,"9",0,"",0,"","R",0,"9",0,"9",0,"8"
"353230295","BIA£YSTOK","2018","09","12",26.6,"",15.5,"",20.4,"",13.0,"",.0,"9","",0,"9",.0,"9",9.1,"",.0,"9",.0,"9",.0,"9",.0,"9",.0,"9",.0,"9",.0,"9",.0,"9",.0,"9",.0,"9",.0,"9",.0,"9",.0,"9",.0,"9",.0,"9",.0,"9",0,"",0,"","R",0,"9",0,"9",0,"8"
"353230295","BIA£YSTOK","2018","09","13",21.0,"",13.3,"",16.8,"",11.5,"",2.4,"","W",0,"9",.0,"9",7.9,"",.0,"9",.0,"9",.0,"9",.0,"9",.0,"9",.0,"9",.0,"9",.0,"9",.0,"9",.0,"9",.0,"9",.0,"9",.0,"9",.0,"9",7.0,"",.0,"9",0,"",0,"","R",0,"9",0,"9",0,"8"
"353230295","BIA£YSTOK","2018","09","14",18.6,"",12.3,"",14.2,"",11.8,"",.0,"9","",0,"9",.0,"9",2.5,"",4.6,"",.0,"9",.0,"9",.0,"9",.0,"9",3.5,"",.0,"9",.0,"9",.0,"9",.0,"9",.0,"9",.0,"9",.0,"9",.0,"9",6.0,"",.0,"9",0,"",0,"","R",0,"9",0,"9",0,"8"
"353230295","BIA£YSTOK","2018","09","15",19.1,"",9.5,"",14.0,"",6.5,"",.0,"","W",0,"9",.0,"9",2.0,"",1.1,"",.0,"9",.0,"9",.0,"9",.0,"9",6.3,"",.0,"9",.0,"9",.0,"9",.0,"9",.0,"9",.0,"9",.0,"9",.0,"9",13.6,"",.0,"9",0,"",0,"","R",0,"9",0,"9",0,"8"
"353230295","BIA£YSTOK","2018","09","16",18.0,"",9.1,"",12.7,"",6.8,"",.0,"9","",0,"9",.0,"9",8.6,"",.0,"9",.0,"9",.0,"9",.0,"9",.0,"9",2.3,"",.0,"9",.0,"9",.0,"9",.0,"9",.0,"9",.0,"9",.0,"9",.0,"9",13.0,"",.0,"9",0,"",0,"","R",0,"9",0,"9",0,"8"
"353230295","BIA£YSTOK","2018","09","17",21.8,"",5.2,"",13.7,"",2.6,"",.0,"9","",0,"9",.0,"9",11.0,"",.0,"9",.0,"9",.0,"9",.0,"9",.0,"9",.0,"9",.0,"9",.0,"9",.0,"9",.0,"9",.0,"9",.0,"9",.0,"9",.0,"9",8.0,"",.0,"9",0,"",0,"","R",0,"9",0,"9",0,"8"
"353230295","BIA£YSTOK","2018","09","18",24.8,"",8.4,"",16.6,"",5.3,"",.0,"9","",0,"9",.0,"9",10.1,"",.0,"9",.0,"9",.0,"9",.0,"9",.0,"9",4.0,"",.0,"9",.0,"9",.0,"9",.0,"9",.0,"9",.0,"9",.0,"9",.0,"9",14.0,"",.0,"9",0,"",0,"","R",0,"9",0,"9",0,"8"
"353230295","BIA£YSTOK","2018","09","19",27.4,"",13.0,"",18.9,"",9.0,"",.0,"9","",0,"9",.0,"9",11.4,"",.0,"9",.0,"9",.0,"9",.0,"9",.0,"9",1.8,"",.0,"9",.0,"9",.0,"9",.0,"9",.0,"9",.0,"9",.0,"9",.0,"9",13.0,"",.0,"9",0,"",0,"","R",0,"9",0,"9",0,"8"
"353230295","BIA£YSTOK","2018","09","20",28.3,"",10.7,"",18.7,"",7.7,"",.0,"9","",0,"9",.0,"9",11.1,"",.0,"9",.0,"9",.0,"9",.0,"9",.0,"9",6.5,"",.0,"9",.0,"9",.0,"9",.0,"9",.0,"9",.0,"9",.0,"9",.0,"9",12.0,"",.0,"9",0,"",0,"","R",0,"9",0,"9",0,"8"
"353230295","BIA£YSTOK","2018","09","21",26.3,"",11.0,"",18.9,"",7.5,"",2.0,"","W",0,"9",.0,"9",11.0,"",.0,"9",.0,"9",.0,"9",.0,"9",.0,"9",5.8,"",.0,"9",.0,"9",.0,"9",.0,"9",.0,"9",.0,"9",.0,"9",.0,"9",7.0,"",.0,"9",0,"",0,"","R",0,"9",0,"9",0,"8"
"353230295","BIA£YSTOK","2018","09","22",18.7,"",10.0,"",13.0,"",6.7,"",.0,"","W",0,"9",.0,"9",1.8,"",2.3,"",.0,"9",.0,"9",.0,"9",.0,"9",.0,"9",.0,"9",.0,"9",.0,"9",.0,"9",.0,"9",.0,"9",.0,"9",.0,"9",4.0,"",.0,"9",0,"",0,"","R",0,"9",0,"9",0,"8"
"353230295","BIA£YSTOK","2018","09","23",12.9,"",5.8,"",9.1,"",2.0,"",26.6,"","W",0,"9",.0,"9",.9,"",7.7,"",.0,"9",.0,"9",.0,"9",.0,"9",.0,"9",.0,"9",.0,"9",.0,"9",.0,"9",.0,"9",.0,"9",.0,"9",.0,"9",6.8,"",.0,"9",0,"",0,"","R",0,"9",0,"9",0,"8"
"353230295","BIA£YSTOK","2018","09","24",12.5,"",7.2,"",8.8,"",6.5,"",1.3,"","W",0,"9",.0,"9",2.6,"",8.3,"",.0,"9",.0,"9",.0,"9",.0,"9",.0,"9",.0,"9",.0,"9",.0,"9",.0,"9",.0,"9",.0,"9",.0,"9",.0,"9",.0,"9",.0,"9",0,"",0,"","R",0,"9",0,"9",0,"8"
"353230295","BIA£YSTOK","2018","09","25",12.2,"",4.3,"",7.2,"",3.2,"",.3,"","W",0,"9",.0,"9",7.1,"",.4,"",.0,"9",.0,"9",.0,"9",.0,"9",.0,"9",.0,"9",.0,"9",.0,"9",.0,"9",.0,"9",.0,"9",.0,"9",.0,"9",5.0,"",.0,"9",0,"",0,"","R",0,"9",0,"9",0,"8"
"353230295","BIA£YSTOK","2018","09","26",12.2,"",.0,"",6.7,"",-3.2,"",7.0,"","W",0,"9",.0,"9",5.9,"",5.6,"",.0,"9",.0,"9",.0,"9",.0,"9",.0,"9",.0,"9",.0,"9",.0,"9",.0,"9",.0,"9",.0,"9",.0,"9",.0,"9",9.0,"",.0,"9",0,"",0,"","R",0,"9",0,"9",0,"8"
"353230295","BIA£YSTOK","2018","09","27",16.8,"",6.8,"",13.1,"",6.5,"",.0,"","W",0,"9",.0,"9",2.2,"",.0,"9",.0,"9",.0,"9",.0,"9",.0,"9",.0,"9",.0,"9",.0,"9",.0,"9",.0,"9",.0,"9",.0,"9",.0,"9",.0,"9",.0,"9",.0,"9",0,"",0,"","R",0,"9",0,"9",0,"8"
"353230295","BIA£YSTOK","2018","09","28",15.4,"",8.6,"",12.0,"",6.0,"",.0,"","W",0,"9",.0,"9",1.2,"",1.0,"",.0,"9",.0,"9",.0,"9",.0,"9",.0,"9",.0,"9",.0,"9",.0,"9",.0,"9",.0,"9",.0,"9",.0,"9",.0,"9",3.0,"",.0,"9",0,"",0,"","R",0,"9",0,"9",0,"8"
"353230295","BIA£YSTOK","2018","09","29",12.7,"",3.2,"",6.6,"",1.2,"",.0,"9","",0,"9",.0,"9",9.1,"",.0,"9",.0,"9",.0,"9",.0,"9",.0,"9",.0,"9",.0,"9",.0,"9",.0,"9",.0,"9",.0,"9",.0,"9",.0,"9",.0,"9",16.0,"",.0,"9",0,"",0,"","R",0,"9",0,"9",0,"8"
"353230295","BIA£YSTOK","2018","09","30",14.0,"",.6,"",6.6,"",-3.0,"",.0,"9","",0,"9",.0,"9",11.1,"",.0,"9",.0,"9",.0,"9",.0,"9",.0,"9",.0,"9",.0,"9",.0,"9",.0,"9",.0,"9",.0,"9",.0,"9",.0,"9",.0,"9",15.0,"",.0,"9",0,"",0,"","R",0,"9",0,"9",0,"8"
"353230295","BIA£YSTOK","2018","10","01",15.8,"",-.2,"",7.7,"",-3.4,"",.0,"9","",0,"9",.0,"9",10.0,"",.0,"9",.0,"9",.0,"9",.0,"9",.0,"9",1.3,"",.0,"9",.0,"9",.0,"9",.0,"9",.0,"9",.0,"9",.0,"9",.0,"9",11.0,"",.0,"9",0,"",0,"","R",0,"9",0,"9",0,"8"
"353230295","BIA£YSTOK","2018","10","02",13.6,"",2.7,"",7.8,"",-.7,"",2.0,"","W",0,"9",.0,"9",6.9,"",.4,"",.0,"9",.0,"9",.0,"9",.0,"9",.0,"9",.0,"9",.0,"9",.0,"9",.0,"9",.0,"9",.0,"9",.0,"9",.0,"9",13.6,"",.0,"9",0,"",0,"","R",0,"9",0,"9",0,"8"
"353230295","BIA£YSTOK","2018","10","03",11.9,"",5.6,"",8.2,"",2.3,"",.8,"","W",0,"9",.0,"9",1.3,"",7.9,"",.0,"9",.0,"9",.0,"9",.0,"9",.0,"9",.0,"9",.0,"9",.0,"9",.0,"9",.0,"9",.0,"9",.0,"9",.0,"9",.0,"9",.0,"9",0,"",0,"","R",0,"9",0,"9",0,"8"
"353230295","BIA£YSTOK","2018","10","04",13.0,"",5.3,"",7.9,"",4.4,"",.0,"","W",0,"9",.0,"9",6.5,"",.0,"9",.0,"9",.0,"9",.0,"9",.0,"9",.0,"9",.0,"9",.0,"9",.0,"9",.0,"9",.0,"9",.0,"9",.0,"9",.0,"9",5.0,"",.0,"9",0,"",0,"","R",0,"9",0,"9",0,"8"
"353230295","BIA£YSTOK","2018","10","05",13.7,"",3.6,"",9.1,"",-.2,"",.0,"9","",0,"9",.0,"9",.8,"",.2,"",.0,"9",.0,"9",.0,"9",.0,"9",2.4,"",.0,"9",.0,"9",.0,"9",.0,"9",.0,"9",.0,"9",.0,"9",.0,"9",9.6,"",.0,"9",0,"",0,"","R",0,"9",0,"9",0,"8"
"353230295","BIA£YSTOK","2018","10","06",18.1,"",2.7,"",9.5,"",-1.0,"",.0,"9","",0,"9",.0,"9",10.4,"",.0,"9",.0,"9",.0,"9",.0,"9",.0,"9",.0,"9",.0,"9",.0,"9",.0,"9",.0,"9",.0,"9",.0,"9",.0,"9",.0,"9",16.0,"",.0,"9",0,"",0,"","R",0,"9",0,"9",0,"8"
"353230295","BIA£YSTOK","2018","10","07",18.1,"",6.8,"",13.1,"",2.6,"",.0,"9","",0,"9",.0,"9",1.6,"",.0,"9",.0,"9",.0,"9",.0,"9",.0,"9",.0,"9",.0,"9",.0,"9",.0,"9",.0,"9",.0,"9",.0,"9",.0,"9",.0,"9",7.0,"",.0,"9",0,"",0,"","R",0,"9",0,"9",0,"8"
"353230295","BIA£YSTOK","2018","10","08",14.8,"",4.0,"",7.8,"",1.0,"",.0,"9","",0,"9",.0,"9",8.9,"",.0,"9",.0,"9",.0,"9",.0,"9",.0,"9",3.5,"",.0,"9",.0,"9",.0,"9",.0,"9",.0,"9",.0,"9",.0,"9",.0,"9",6.0,"",.0,"9",0,"",0,"","R",0,"9",0,"9",0,"8"
"353230295","BIA£YSTOK","2018","10","09",14.6,"",.3,"",6.4,"",-2.1,"",.0,"9","",0,"9",.0,"9",8.3,"",.0,"9",.0,"9",.0,"9",.0,"9",.0,"9",12.8,"",.0,"9",.0,"9",.0,"9",.0,"9",.0,"9",.0,"9",.0,"9",.0,"9",15.0,"",.0,"9",0,"",0,"","R",0,"9",0,"9",0,"8"
"353230295","BIA£YSTOK","2018","10","10",18.3,"",1.2,"",8.5,"",-1.7,"",.0,"9","",0,"9",.0,"9",10.2,"",.0,"9",.0,"9",.0,"9",.0,"9",1.9,"",8.1,"",.0,"9",.0,"9",.0,"9",.0,"9",.0,"9",.0,"9",.0,"9",.0,"9",2.3,"",.0,"9",0,"",0,"","R",0,"9",0,"9",0,"8"
"353230295","BIA£YSTOK","2018","10","11",19.6,"",2.7,"",10.0,"",-.3,"",.0,"9","",0,"9",.0,"9",9.8,"",.0,"9",.0,"9",.0,"9",.0,"9",5.9,"",8.5,"",.0,"9",.0,"9",.0,"9",.0,"9",.0,"9",.0,"9",.0,"9",.0,"9",8.0,"",.0,"9",0,"",0,"","R",0,"9",0,"9",0,"8"
"353230295","BIA£YSTOK","2018","10","12",19.7,"",5.9,"",12.3,"",1.2,"",.0,"9","",0,"9",.0,"9",10.1,"",.0,"9",.0,"9",.0,"9",.0,"9",.0,"9",5.1,"",.0,"9",.0,"9",.0,"9",.0,"9",.0,"9",.0,"9",.0,"9",.0,"9",16.0,"",.0,"9",0,"",0,"","R",0,"9",0,"9",0,"8"
"353230295","BIA£YSTOK","2018","10","13",20.6,"",4.6,"",10.7,"",.2,"",.0,"9","",0,"9",.0,"9",10.0,"",.0,"9",.0,"9",.0,"9",.0,"9",1.1,"",11.4,"",.0,"9",.0,"9",.0,"9",.0,"9",.0,"9",.0,"9",.0,"9",.0,"9",9.2,"",.0,"9",0,"",0,"","R",0,"9",0,"9",0,"8"
"353230295","BIA£YSTOK","2018","10","14",20.4,"",4.3,"",10.6,"",-.1,"",.0,"9","",0,"9",.0,"9",10.0,"",.0,"9",.0,"9",.0,"9",.0,"9",5.3,"",1.6,"",.0,"9",.0,"9",.0,"9",.0,"9",.0,"9",.0,"9",.0,"9",.0,"9",7.0,"",.0,"9",0,"",0,"","R",0,"9",0,"9",0,"8"
"353230295","BIA£YSTOK","2018","10","15",19.4,"",2.2,"",9.1,"",-3.2,"",.0,"9","",0,"9",.0,"9",.0,"8",.0,"9",.0,"9",.0,"9",.0,"9",.0,"9",3.5,"",.0,"9",.0,"9",.0,"9",.0,"9",.0,"9",.0,"9",.0,"9",.0,"9",14.0,"",.0,"9",0,"",0,"","R",0,"9",0,"9",0,"8"
"353230295","BIA£YSTOK","2018","10","16",19.2,"",2.6,"",8.8,"",-2.0,"",.0,"9","",0,"9",.0,"9",8.3,"",.0,"9",.0,"9",.0,"9",.0,"9",.0,"9",12.3,"",.0,"9",.0,"9",.0,"9",.0,"9",.0,"9",.0,"9",.0,"9",.0,"9",16.0,"",.0,"9",0,"",0,"","R",0,"9",0,"9",0,"8"
"353230295","BIA£YSTOK","2018","10","17",21.1,"",.5,"",8.8,"",-2.9,"",.0,"9","",0,"9",.0,"9",9.7,"",.0,"9",.0,"9",.0,"9",.0,"9",.0,"9",15.5,"",.0,"9",.0,"9",.0,"9",.0,"9",.0,"9",.0,"9",.0,"9",.0,"9",16.0,"",.0,"9",0,"",0,"","R",0,"9",0,"9",0,"8"
"353230295","BIA£YSTOK","2018","10","18",21.1,"",1.9,"",9.5,"",-1.7,"",.0,"9","",0,"9",.0,"9",9.5,"",.0,"9",.0,"9",.0,"9",.0,"9",1.3,"",11.3,"",.0,"9",.0,"9",.0,"9",.0,"9",.0,"9",.0,"9",.0,"9",.0,"9",11.8,"",.0,"9",0,"",0,"","R",0,"9",0,"9",0,"8"
"353230295","BIA£YSTOK","2018","10","19",12.4,"",4.2,"",9.1,"",1.1,"",.0,"","W",0,"9",.0,"9",2.9,"",1.1,"",.0,"9",.0,"9",.0,"9",4.4,"",19.6,"",.0,"9",.0,"9",.0,"9",.0,"9",.0,"9",.0,"9",.0,"9",.0,"9",.0,"9",.0,"9",0,"",0,"","R",0,"9",0,"9",0,"8"
"353230295","BIA£YSTOK","2018","10","20",11.4,"",4.7,"",6.9,"",1.4,"",.0,"9","",0,"9",.0,"9",2.9,"",.0,"9",.0,"9",.0,"9",.0,"9",8.3,"",7.9,"",.0,"9",.0,"9",.0,"9",.0,"9",.0,"9",.0,"9",.0,"9",.0,"9",.0,"9",.0,"9",0,"",0,"","R",0,"9",0,"9",0,"8"
"353230295","BIA£YSTOK","2018","10","21",9.7,"",.3,"",5.6,"",-3.0,"",.0,"9","",0,"9",.0,"9",2.2,"",.0,"9",.0,"9",.0,"9",.0,"9",5.1,"",12.4,"",.0,"9",.0,"9",.0,"9",.0,"9",.0,"9",.0,"9",.0,"9",.0,"9",.0,"9",.0,"9",0,"",0,"","R",0,"9",0,"9",0,"8"
"353230295","BIA£YSTOK","2018","10","22",11.5,"",3.3,"",7.3,"",.0,"",1.3,"","W",0,"9",.0,"9",5.3,"",2.2,"",.0,"9",.0,"9",.0,"9",.0,"9",13.7,"",.0,"9",.0,"9",.0,"9",.0,"9",.0,"9",.0,"9",.0,"9",.0,"9",.0,"9",.0,"9",0,"",0,"","R",0,"9",0,"9",0,"8"
"353230295","BIA£YSTOK","2018","10","23",7.4,"",4.1,"",5.5,"",3.9,"",17.9,"","W",0,"9",.0,"9",.0,"9",10.4,"",.0,"9",.0,"9",.0,"9",.0,"9",9.3,"",.0,"9",.0,"9",.0,"9",.0,"9",.0,"9",.0,"9",.0,"9",.0,"9",.0,"9",.0,"9",0,"",0,"","R",0,"9",0,"9",0,"8"
"353230295","BIA£YSTOK","2018","10","24",7.1,"",4.4,"",5.4,"",3.4,"",1.9,"","W",0,"9",.0,"9",.2,"",7.4,"",.0,"9",.0,"9",.0,"9",.0,"9",.0,"9",.0,"9",.0,"9",.0,"9",.0,"9",.0,"9",.0,"9",.0,"9",.0,"9",.0,"9",.0,"9",0,"",0,"","R",0,"9",0,"9",0,"8"
"353230295","BIA£YSTOK","2018","10","25",7.9,"",2.2,"",4.9,"",1.1,"",4.2,"","W",0,"9",.0,"9",.5,"",5.3,"",.0,"9",.0,"9",.0,"9",.0,"9",.0,"9",.0,"9",.0,"9",.0,"9",.0,"9",.0,"9",.0,"9",.0,"9",.0,"9",.0,"9",.0,"9",0,"",0,"","R",0,"9",0,"9",0,"8"
"353230295","BIA£YSTOK","2018","10","26",9.2,"",4.8,"",6.6,"",2.4,"",.8,"","W",0,"9",.0,"9",3.1,"",.9,"",.0,"9",.0,"9",.0,"9",.0,"9",.0,"9",.0,"9",.0,"9",.0,"9",.0,"9",.0,"9",.0,"9",.0,"9",.0,"9",.0,"9",.0,"9",0,"",0,"","R",0,"9",0,"9",0,"8"
"353230295","BIA£YSTOK","2018","10","27",10.6,"",4.6,"",7.9,"",2.3,"",.1,"","W",0,"9",.0,"9",.7,"",.2,"",.0,"9",.0,"9",.0,"9",.0,"9",.0,"9",.0,"9",.0,"9",.0,"9",.0,"9",.0,"9",.0,"9",.0,"9",.0,"9",.0,"9",.0,"9",0,"",0,"","R",0,"9",0,"9",0,"8"
"353230295","BIA£YSTOK","2018","10","28",8.0,"",4.0,"",4.8,"",2.6,"",9.8,"","W",0,"9",.0,"9",.0,"9",5.8,"",.0,"9",.0,"9",.0,"9",.0,"9",.0,"9",.0,"9",.0,"9",.0,"9",.0,"9",.0,"9",.0,"9",.0,"9",.0,"9",.0,"9",.0,"9",0,"",0,"","R",0,"9",0,"9",0,"8"
"353230295","BIA£YSTOK","2018","10","29",6.7,"",2.2,"",4.9,"",2.0,"",1.6,"","W",0,"9",.0,"9",.0,"9",9.0,"",.0,"9",.0,"9",.0,"9",4.5,"",7.3,"",.0,"9",.0,"9",.0,"9",.0,"9",.0,"9",.0,"9",.0,"9",.0,"9",.0,"9",.0,"9",0,"",0,"","R",0,"9",0,"9",0,"8"
"353230295","BIA£YSTOK","2018","10","30",18.4,"",6.6,"",13.3,"",6.6,"",.0,"","W",0,"9",.0,"9",6.1,"",1.1,"",.0,"9",.0,"9",.0,"9",3.2,"",7.1,"",.0,"9",.0,"9",.0,"9",.0,"9",.0,"9",.0,"9",.0,"9",.0,"9",.0,"9",.0,"9",0,"",0,"","R",0,"9",0,"9",0,"8"
"353230295","BIA£YSTOK","2018","10","31",17.7,"",6.3,"",11.5,"",2.7,"",.0,"9","",0,"9",.0,"9",8.0,"",.0,"9",.0,"9",.0,"9",.0,"9",.0,"9",15.3,"",.0,"9",.0,"9",.0,"9",.0,"9",.0,"9",.0,"9",.0,"9",.0,"9",3.0,"",.0,"9",0,"",0,"","R",0,"9",0,"9",0,"8"
"353230295","BIA£YSTOK","2018","11","01",13.9,"",3.5,"",9.7,"",-.8,"",.1,"","W",0,"9",.0,"9",.0,"9",1.5,"",.0,"9",.0,"9",.0,"9",.5,"",11.1,"",.0,"9",.0,"9",.0,"9",.0,"9",.0,"9",.0,"9",.0,"9",.0,"9",6.6,"",.0,"9",0,"",0,"","R",0,"9",0,"9",0,"8"
"353230295","BIA£YSTOK","2018","11","02",16.7,"",11.0,"",12.6,"",8.8,"",.0,"","W",0,"9",.0,"9",1.7,"",.6,"",.0,"9",.0,"9",.0,"9",2.6,"",12.7,"",.0,"9",.0,"9",.0,"9",.0,"9",.0,"9",.0,"9",.0,"9",.0,"9",3.4,"",.0,"9",0,"",0,"","R",0,"9",0,"9",0,"8"
"353230295","BIA£YSTOK","2018","11","03",12.6,"",9.1,"",10.5,"",5.7,"",3.9,"","W",0,"9",.0,"9",.0,"9",10.4,"",.0,"9",.0,"9",.0,"9",8.5,"",11.7,"",.0,"9",.0,"9",.0,"9",.0,"9",.0,"9",.0,"9",.0,"9",.0,"9",.0,"9",.0,"9",0,"",0,"","R",0,"9",0,"9",0,"8"
"353230295","BIA£YSTOK","2018","11","04",9.7,"",7.8,"",8.9,"",7.6,"",.2,"","W",0,"9",.0,"9",.0,"9",5.1,"",.0,"9",.0,"9",.0,"9",.0,"9",12.5,"",.0,"9",.0,"9",.0,"9",.0,"9",.0,"9",.0,"9",.0,"9",.0,"9",.0,"9",.0,"9",0,"",0,"","R",0,"9",0,"9",0,"8"
"353230295","BIA£YSTOK","2018","11","05",11.3,"",6.7,"",9.8,"",2.4,"",.0,"9","",0,"9",.0,"9",.0,"9",3.4,"",.0,"9",.0,"9",.0,"9",.0,"9",24.0,"",.0,"9",.0,"9",.0,"9",.0,"9",.0,"9",.0,"9",.0,"9",.0,"9",.0,"9",.0,"9",0,"",0,"","R",0,"9",0,"9",0,"8"
"353230295","BIA£YSTOK","2018","11","06",11.5,"",6.8,"",8.6,"",2.6,"",.0,"9","",0,"9",.0,"9",3.7,"",.0,"9",.0,"9",.0,"9",.0,"9",.0,"9",24.0,"",.0,"9",.0,"9",.0,"9",.0,"9",.0,"9",.0,"9",.0,"9",.0,"9",.0,"9",.0,"9",0,"",0,"","R",0,"9",0,"9",0,"8"
"353230295","BIA£YSTOK","2018","11","07",11.7,"",6.6,"",8.5,"",2.6,"",.0,"9","",0,"9",.0,"9",4.4,"",.0,"9",.0,"9",.0,"9",.0,"9",.0,"9",19.1,"",.0,"9",.0,"9",.0,"9",.0,"9",.0,"9",.0,"9",.0,"9",.0,"9",7.0,"",.0,"9",0,"",0,"","R",0,"9",0,"9",0,"8"
"353230295","BIA£YSTOK","2018","11","08",8.5,"",1.4,"",3.6,"",-2.3,"",.0,"9","",0,"9",.0,"9",2.6,"",.0,"9",.0,"9",.0,"9",.0,"9",16.7,"",7.3,"",.0,"9",.0,"9",.0,"9",.0,"9",.0,"9",.0,"9",.0,"9",.0,"9",2.7,"",.0,"9",0,"",0,"","R",0,"9",0,"9",0,"8"
"353230295","BIA£YSTOK","2018","11","09",7.6,"",-.6,"",4.7,"",-2.4,"",.0,"9","",0,"9",.0,"9",.0,"9",.0,"9",.0,"9",.0,"9",.0,"9",10.0,"",14.0,"",.0,"9",.0,"9",.0,"9",.0,"9",.0,"9",.0,"9",.0,"9",.0,"9",.0,"9",.0,"9",0,"",0,"","R",0,"9",0,"9",0,"8"
"353230295","BIA£YSTOK","2018","11","10",8.0,"",3.2,"",5.4,"",.3,"",.0,"9","",0,"9",.0,"9",2.2,"",.0,"9",.0,"9",.0,"9",.0,"9",2.1,"",20.3,"",.0,"9",.0,"9",.0,"9",.0,"9",.0,"9",.0,"9",.0,"9",.0,"9",.0,"9",.0,"9",0,"",0,"","R",0,"9",0,"9",0,"8"
"353230295","BIA£YSTOK","2018","11","11",5.8,"",2.7,"",4.6,"",.0,"",.0,"9","",0,"9",.0,"9",.0,"9",.0,"9",.0,"9",.0,"9",.0,"9",6.2,"",17.2,"",.0,"9",.0,"9",.0,"9",.0,"9",.0,"9",.0,"9",.0,"9",.0,"9",.0,"9",.0,"9",0,"",0,"","R",0,"9",0,"9",0,"8"
"353230295","BIA£YSTOK","2018","11","12",7.4,"",4.7,"",5.5,"",4.9,"",.0,"9","",0,"9",.0,"9",.0,"9",.0,"9",.0,"9",.0,"9",.0,"9",.0,"9",22.8,"",.0,"9",.0,"9",.0,"9",.0,"9",.0,"9",.0,"9",.0,"9",.0,"9",.0,"9",.0,"9",0,"",0,"","R",0,"9",0,"9",0,"8"
"353230295","BIA£YSTOK","2018","11","13",8.3,"",4.9,"",6.6,"",4.9,"",10.7,"","W",0,"9",.0,"9",.0,"9",5.3,"",.0,"9",.0,"9",.0,"9",.0,"9",24.0,"",.0,"9",.0,"9",.0,"9",.0,"9",.0,"9",.0,"9",.0,"9",.0,"9",.0,"9",.0,"9",0,"",0,"","R",0,"9",0,"9",0,"8"
"353230295","BIA£YSTOK","2018","11","14",9.2,"",7.1,"",8.0,"",6.3,"",4.7,"","W",0,"9",.0,"9",.0,"9",11.2,"",.0,"9",.0,"9",.0,"9",.0,"9",10.5,"",.0,"9",.0,"9",.0,"9",.0,"9",.0,"9",.0,"9",.0,"9",.0,"9",.0,"9",.0,"9",0,"",0,"","R",0,"9",0,"9",0,"8"
"353230295","BIA£YSTOK","2018","11","15",8.6,"",5.8,"",6.6,"",4.8,"",.0,"9","",0,"9",.0,"9",.2,"",.0,"9",.0,"9",.0,"9",.0,"9",.0,"9",8.3,"",.0,"9",.0,"9",.0,"9",.0,"9",.0,"9",.0,"9",.0,"9",.0,"9",.0,"9",.0,"9",0,"",0,"","R",0,"9",0,"9",0,"8"
"353230295","BIA£YSTOK","2018","11","16",5.9,"",-2.6,"",1.0,"",-5.3,"",.0,"9","",0,"9",.0,"9",2.8,"",.0,"9",.0,"9",.0,"9",.0,"9",.0,"9",13.2,"",.0,"9",.0,"9",.0,"9",.0,"9",.0,"9",.0,"9",.0,"9",.0,"9",.0,"9",6.0,"",0,"",0,"","R",0,"9",0,"9",0,"8"
"353230295","BIA£YSTOK","2018","11","17",4.0,"",-6.8,"",-2.5,"",-9.5,"",.0,"","W",0,"9",.0,"9",8.0,"",.0,"9",.0,"9",.0,"9",.0,"9",.0,"9",16.4,"",4.0,"",.0,"9",.0,"9",.0,"9",.0,"9",.0,"9",.0,"9",.0,"9",.0,"9",13.8,"",0,"",0,"","Z",7,"",0,"9",0,"8"
"353230295","BIA£YSTOK","2018","11","18",3.4,"",-6.0,"",.1,"",-7.8,"",1.6,"","W",0,"9",.0,"9",.0,"9",8.0,"",.0,"9",.0,"9",.8,"",3.1,"",19.5,"",2.8,"",1.4,"",.0,"9",.0,"9",.0,"9",.0,"9",.0,"9",.0,"9",.0,"9",3.2,"",0,"",0,"","Z",6,"",0,"9",0,"8"
"353230295","BIA£YSTOK","2018","11","19",3.2,"",2.5,"",2.7,"",2.2,"",.0,"","W",0,"9",.0,"9",.0,"9",1.7,"",.0,"9",.0,"9",.0,"9",.0,"9",.0,"9",.0,"9",.0,"9",.0,"9",.0,"9",.0,"9",.0,"9",.0,"9",.0,"9",.0,"9",.0,"9",0,"",0,"","R",0,"9",0,"9",0,"8"
"353230295","BIA£YSTOK","2018","11","20",2.7,"",1.4,"",1.8,"",1.1,"",.0,"","W",0,"9",.0,"9",.1,"",2.4,"",.0,"9",.0,"9",.0,"9",.0,"9",.0,"9",.0,"9",.0,"9",.0,"9",.0,"9",.0,"9",.0,"9",.0,"9",.0,"9",.0,"9",.0,"9",0,"",0,"","R",0,"9",0,"9",0,"8"
"353230295","BIA£YSTOK","2018","11","21",1.4,"",-.5,"",-.2,"",-.7,"",.0,"9","",0,"9",.0,"9",.0,"9",.0,"9",.0,"9",.0,"9",.0,"9",.0,"9",.0,"9",.0,"9",.0,"9",.0,"9",.0,"9",.0,"9",.0,"9",.0,"9",.0,"9",.0,"9",.0,"9",0,"",0,"","Z",1,"",0,"9",0,"8"
"353230295","BIA£YSTOK","2018","11","22",-.4,"",-5.1,"",-2.4,"",-7.8,"",.0,"9","",0,"9",.0,"9",1.4,"",.0,"9",.0,"9",.0,"9",.0,"9",.0,"9",3.3,"",.0,"9",.0,"9",.0,"9",.0,"9",.0,"9",.0,"9",.0,"9",.0,"9",.0,"9",6.0,"",0,"",0,"","Z",1,"",0,"9",0,"8"
"353230295","BIA£YSTOK","2018","11","23",-3.6,"",-5.6,"",-4.7,"",-5.0,"",.0,"","W",0,"9",.0,"9",.0,"9",.7,"",.0,"9",.0,"9",.0,"9",.0,"9",11.1,"",.0,"9",.7,"",.0,"9",.0,"9",.0,"9",.0,"9",.0,"9",.0,"9",.0,"9",9.0,"",0,"",0,"","Z",7,"",0,"9",0,"8"
"353230295","BIA£YSTOK","2018","11","24",-.3,"",-4.9,"",-2.0,"",-4.3,"",.1,"","W",0,"9",.0,"9",.0,"9",6.1,"",.0,"9",.0,"9",.0,"9",1.1,"",22.9,"",.0,"9",12.1,"",.0,"9",.0,"9",.0,"9",.0,"9",.0,"9",.0,"9",.0,"9",.0,"9",0,"",0,"","Z",9,"",0,"9",0,"8"
"353230295","BIA£YSTOK","2018","11","25",1.5,"",-.4,"",.6,"",-.4,"",.0,"","W",0,"9",.0,"9",.0,"9",1.3,"",.0,"9",.0,"9",.0,"9",12.7,"",11.3,"",.0,"9",.0,"9",.0,"9",.0,"9",.0,"9",.0,"9",.0,"9",.0,"9",.0,"9",.0,"9",0,"",0,"","Z",6,"",0,"9",0,"8"
"353230295","BIA£YSTOK","2018","11","26",1.1,"",-3.1,"",-1.1,"",-4.7,"",.0,"","S",0,"9",.0,"9",.0,"9",.0,"9",1.2,"",.0,"9",.0,"9",.0,"9",6.5,"",.0,"9",.0,"9",.0,"9",.0,"9",.0,"9",.0,"9",.0,"9",.0,"9",.0,"9",7.0,"",0,"",0,"","",0,"9",0,"9",0,"8"
"353230295","BIA£YSTOK","2018","11","27",1.8,"",-7.2,"",-1.7,"",-9.4,"",.0,"","S",0,"9",.0,"9",1.4,"",.0,"9",.0,"9",.0,"9",.0,"9",.0,"9",9.2,"",.0,"9",.0,"9",.0,"9",.0,"9",.0,"9",.0,"9",.0,"9",.0,"9",.0,"9",14.0,"",0,"",0,"","",9,"",0,"9",0,"8"
"353230295","BIA£YSTOK","2018","11","28",-.3,"",-5.0,"",-3.4,"",-7.5,"",.0,"","S",0,"",.0,"9",.0,"9",.0,"9",4.4,"",.0,"9",.0,"9",.0,"9",7.8,"",.0,"9",.0,"9",.0,"9",.0,"9",.0,"9",.0,"9",.0,"9",.0,"9",.0,"9",.9,"",0,"",0,"","",9,"",0,"9",0,"8"
"353230295","BIA£YSTOK","2018","11","29",-3.5,"",-6.3,"",-5.4,"",-7.8,"",.0,"9","",0,"9",.0,"9",2.7,"",.0,"9",.0,"9",.0,"9",.0,"9",.0,"9",.0,"9",.0,"9",.0,"9",.0,"9",.0,"9",.0,"9",.0,"9",.0,"9",.0,"9",.0,"9",7.0,"",0,"",0,"","Z",12,"",0,"9",0,"8"
"353230295","BIA£YSTOK","2018","11","30",-2.6,"",-9.0,"",-7.1,"",-12.0,"",.0,"9","",0,"9",.0,"9",7.4,"",.0,"9",.0,"9",.0,"9",.0,"9",.0,"9",.0,"9",.0,"9",.0,"9",.0,"9",.0,"9",.0,"9",.0,"9",.0,"9",.0,"9",.0,"9",15.0,"",0,"",0,"","Z",19,"",0,"9",0,"8"
"353230295","BIA£YSTOK","2018","12","01",-6.1,"",-14.8,"",-10.6,"",-17.1,"",.0,"","S",0,"9",.0,"9",.0,"9",.0,"9",.0,"9",.0,"9",.0,"9",.0,"9",5.7,"",.0,"9",.0,"9",.0,"9",.0,"9",.0,"9",.0,"9",.0,"9",.0,"9",.0,"9",16.0,"",0,"",0,"","",29,"",0,"9",0,"8"
"353230295","BIA£YSTOK","2018","12","02",-.5,"",-14.1,"",-4.9,"",-16.3,"",1.1,"","S",0,"9",.0,"9",.0,"9",.0,"9",.8,"",.0,"9",.0,"9",3.1,"",18.1,"",6.1,"",.0,"9",.0,"9",.0,"9",.0,"9",.0,"9",.0,"9",.0,"9",.0,"9",13.3,"",0,"",0,"","Z",30,"",0,"9",0,"8"
"353230295","BIA£YSTOK","2018","12","03",3.3,"",-2.6,"",1.3,"",-4.5,"",4.7,"","W",1,"",.0,"9",.0,"9",11.3,"",3.9,"",.0,"9",.7,"",6.2,"",17.3,"",.0,"9",2.6,"",.0,"9",.0,"9",.0,"9",.0,"9",.0,"9",.0,"9",.0,"9",.0,"9",1,"",0,"","Z",25,"",0,"9",0,"8"
"353230295","BIA£YSTOK","2018","12","04",5.0,"",3.2,"",4.1,"",2.7,"",4.4,"","W",0,"9",.0,"9",.0,"9",5.7,"",.0,"9",.0,"9",.0,"9",5.5,"",14.3,"",.0,"9",.0,"9",.0,"9",.0,"9",.0,"9",.0,"9",.0,"9",.0,"9",.0,"9",.0,"9",0,"",0,"","R",23,"",7,"",0,"8"
"353230295","BIA£YSTOK","2018","12","05",4.8,"",-.2,"",.9,"",-1.4,"",.0,"9","",0,"9",.0,"9",3.1,"",.0,"9",.0,"9",.0,"9",.0,"9",.0,"9",4.9,"",.9,"",.0,"9",.0,"9",.0,"9",.0,"9",.0,"9",.0,"9",.0,"9",.0,"9",5.1,"",0,"",0,"","R",22,"",4,"",0,"8"
"353230295","BIA£YSTOK","2018","12","06",-.2,"",-3.5,"",-2.4,"",-4.6,"",1.5,"","S",0,"9",.0,"9",.0,"9",.0,"9",.0,"9",.0,"9",.0,"9",10.7,"",13.3,"",24.0,"",.0,"9",.0,"9",.0,"9",.0,"9",.0,"9",.0,"9",.0,"9",.0,"9",.0,"9",0,"",0,"","Z",22,"",0,"9",0,"8"
"353230295","BIA£YSTOK","2018","12","07",1.4,"",-2.5,"",-.1,"",-2.9,"",11.9,"","S",2,"",.0,"9",.0,"9",11.4,"",4.4,"",.0,"9",.6,"",6.1,"",17.9,"",2.8,"",6.6,"",.0,"9",.0,"9",.0,"9",.0,"9",.0,"9",.0,"9",.0,"9",.0,"9",1,"",0,"","Z",17,"",0,"9",0,"8"
"353230295","BIA£YSTOK","2018","12","08",6.8,"",1.3,"",3.5,"",-.8,"",5.1,"","W",0,"9",.0,"9",.0,"9",11.3,"",.0,"9",.0,"9",.0,"9",.1,"",12.3,"",.0,"9",.0,"9",.0,"9",.0,"9",.0,"9",.0,"9",.0,"9",.0,"9",.0,"9",.0,"9",0,"",0,"","R",17,"",4,"",0,"8"
"353230295","BIA£YSTOK","2018","12","09",3.6,"",.5,"",2.4,"",-.8,"",6.7,"","W",0,"9",.0,"9",2.3,"",12.5,"",.0,"9",.0,"9",.0,"9",.0,"9",16.1,"",.0,"9",.0,"9",.0,"9",.0,"9",.0,"9",.0,"9",.0,"9",.0,"9",.0,"9",.0,"9",0,"",0,"","Z",14,"",0,"9",0,"8"
"353230295","BIA£YSTOK","2018","12","10",4.9,"",1.9,"",3.3,"",.4,"",1.5,"","W",0,"9",.0,"9",.0,"9",12.4,"",.0,"9",.0,"9",.0,"9",.0,"9",12.4,"",.0,"9",.0,"9",.0,"9",.0,"9",.0,"9",.0,"9",.0,"9",.0,"9",.0,"9",.0,"9",0,"",0,"","R",0,"9",0,"9",0,"8"
"353230295","BIA£YSTOK","2018","12","11",2.2,"",.2,"",1.0,"",-1.9,"",.0,"","S",0,"9",.0,"9",.0,"9",.4,"",.1,"",.0,"9",.0,"9",.0,"9",22.2,"",.0,"9",.0,"9",.0,"9",.0,"9",.0,"9",.0,"9",.0,"9",.0,"9",.0,"9",.0,"9",0,"",0,"","",0,"9",0,"9",0,"8"
"353230295","BIA£YSTOK","2018","12","12",1.0,"",-.8,"",.2,"",-1.5,"",.4,"","S",0,"9",.0,"9",.0,"9",.0,"9",9.8,"",.0,"9",.0,"9",.0,"9",22.3,"",.0,"9",.0,"9",.0,"9",.0,"9",.0,"9",.0,"9",.0,"9",.0,"9",.0,"9",5.8,"",0,"",0,"","Z",1,"",0,"9",0,"8"
"353230295","BIA£YSTOK","2018","12","13",.7,"",-.8,"",-.3,"",-.9,"",.5,"","S",0,"9",.0,"9",.0,"9",.0,"9",3.1,"",.0,"9",.0,"9",.0,"9",.0,"9",.0,"9",.0,"9",.0,"9",.0,"9",.0,"9",.0,"9",.0,"9",.0,"9",.0,"9",.0,"9",0,"",0,"","Z",1,"",0,"9",0,"8"
"353230295","BIA£YSTOK","2018","12","14",.3,"",-.9,"",-.3,"",-1.0,"",.0,"","S",1,"",.0,"9",.0,"9",.0,"9",8.8,"",.0,"9",.0,"9",.0,"9",9.7,"",.0,"9",.0,"9",.0,"9",.0,"9",.0,"9",.0,"9",.0,"9",.0,"9",.0,"9",.0,"9",1,"",0,"","",5,"",0,"9",0,"8"
"353230295","BIA£YSTOK","2018","12","15",.2,"",-.4,"",-.3,"",-.5,"",1.4,"","S",0,"",.0,"9",.0,"9",.0,"9",8.2,"",.0,"9",.0,"9",.0,"9",20.7,"",.0,"9",.0,"9",.0,"9",.0,"9",.0,"9",.0,"9",.0,"9",.0,"9",.0,"9",.0,"9",0,"",0,"","Z",5,"",0,"9",0,"8"
"353230295","BIA£YSTOK","2018","12","16",-.4,"",-2.9,"",-2.0,"",-3.0,"",3.6,"","S",2,"",.0,"9",.0,"9",.0,"9",17.4,"",.0,"9",.0,"9",.0,"9",.0,"9",.0,"9",.0,"9",8.3,"",.0,"9",.0,"9",.0,"9",.0,"9",.0,"9",.0,"9",.0,"9",1,"",0,"","Z",6,"",0,"9",0,"8"
"353230295","BIA£YSTOK","2018","12","17",-1.9,"",-2.9,"",-2.4,"",-3.0,"",.6,"","S",9,"",1.3,"",.0,"9",.0,"9",10.7,"",.0,"9",.0,"9",1.7,"",8.1,"",.0,"9",.0,"9",.0,"9",.0,"9",.0,"9",.0,"9",.0,"9",.0,"9",.0,"9",.0,"9",1,"",0,"","Z",5,"",0,"9",0,"8"
"353230295","BIA£YSTOK","2018","12","18",-1.3,"",-2.8,"",-2.8,"",-3.7,"",.0,"9","",9,"",1.3,"",.0,"9",.0,"9",.0,"9",.0,"9",.0,"9",12.5,"",11.5,"",20.0,"",.0,"9",.0,"9",.0,"9",.0,"9",.0,"9",.0,"9",.0,"9",.0,"9",.0,"9",1,"",0,"","Z",1,"",0,"9",0,"8"
"353230295","BIA£YSTOK","2018","12","19",-2.7,"",-7.7,"",-4.1,"",-14.2,"",.0,"9","",7,"",1.5,"",.0,"9",.0,"9",.0,"9",.0,"9",.0,"9",.0,"9",18.0,"",18.0,"",.0,"9",.0,"9",.0,"9",.0,"9",.0,"9",.0,"9",.0,"9",.0,"9",.0,"9",1,"",0,"","Z",6,"",0,"9",0,"8"
"353230295","BIA£YSTOK","2018","12","20",-3.7,"",-7.0,"",-6.1,"",-6.8,"",2.7,"","S",7,"",1.4,"",.0,"9",.0,"9",5.9,"",.0,"9",.0,"9",.0,"9",23.8,"",.0,"9",.0,"9",.0,"9",.0,"9",.0,"9",.0,"9",.0,"9",.0,"9",.0,"9",.0,"9",1,"",0,"","Z",6,"",0,"9",0,"8"
"353230295","BIA£YSTOK","2018","12","21",1.1,"",-6.2,"",-1.9,"",-6.2,"",4.8,"","S",10,"",1.3,"",.0,"9",2.4,"",12.1,"",.0,"9",.0,"9",.0,"9",24.0,"",.0,"9",.0,"9",.0,"9",.0,"9",.0,"9",.0,"9",.0,"9",.0,"9",.0,"9",.0,"9",1,"",0,"","Z",6,"",0,"9",0,"8"
"353230295","BIA£YSTOK","2018","12","22",4.4,"",.3,"",1.7,"",.0,"",5.0,"","S",8,"",2.1,"",.0,"9",13.9,"",5.0,"",3.8,"",.0,"9",.0,"9",15.9,"",.0,"9",.0,"9",.0,"9",.0,"9",.0,"9",.0,"9",.0,"9",.0,"9",.0,"9",.0,"9",1,"",0,"","R",0,"9",0,"9",0,"8"
"353230295","BIA£YSTOK","2018","12","23",2.9,"",-.4,"",.0,"",-1.0,"",2.9,"","S",7,"",1.9,"",.0,"9",.0,"9",10.7,"",.0,"9",.0,"9",.0,"9",7.2,"",.0,"9",.0,"9",.0,"9",.0,"9",.0,"9",.0,"9",.0,"9",.0,"9",.0,"9",.0,"9",1,"",0,"","Z",5,"",0,"9",0,"8"
"353230295","BIA£YSTOK","2018","12","24",-.4,"",-2.5,"",-1.6,"",-2.9,"",1.7,"","S",10,"",2.2,"",.1,"",.0,"9",15.4,"",.0,"9",.0,"9",.0,"9",17.3,"",.0,"9",.0,"9",.0,"9",.0,"9",.0,"9",.0,"9",.0,"9",.0,"9",.0,"9",.0,"9",1,"",0,"","Z",1,"",0,"9",0,"8"
"353230295","BIA£YSTOK","2018","12","25",-1.0,"",-2.2,"",-1.4,"",-2.4,"",.3,"","S",14,"",1.9,"",.7,"",1.8,"",7.2,"",1.9,"",.0,"9",.0,"9",15.6,"",.0,"9",1.3,"",.0,"9",.0,"9",.0,"9",.0,"9",.0,"9",.0,"9",.0,"9",.0,"9",1,"",0,"","Z",1,"",0,"9",0,"8"
"353230295","BIA£YSTOK","2018","12","26",3.4,"",-1.0,"",2.5,"",-1.0,"",.0,"","W",8,"",1.6,"",.0,"9",1.2,"",.0,"9",.0,"9",.0,"9",.0,"9",8.7,"",.0,"9",.0,"9",.0,"9",.0,"9",.0,"9",.0,"9",.0,"9",.0,"9",.0,"9",.0,"9",1,"",0,"","R",0,"9",0,"9",0,"8"
"353230295","BIA£YSTOK","2018","12","27",5.5,"",.6,"",3.0,"",.2,"",10.7,"","S",3,"",.0,"9",.0,"9",15.2,"",.0,"9",2.6,"",.0,"9",.0,"9",17.7,"",.0,"9",.0,"9",.0,"9",.0,"9",.0,"9",.0,"9",.0,"9",.0,"9",.0,"9",.0,"9",1,"",0,"","R",0,"9",0,"9",0,"8"
"353230295","BIA£YSTOK","2018","12","28",5.9,"",2.3,"",3.9,"",1.8,"",1.8,"","W",0,"9",.0,"9",.0,"9",9.7,"",.0,"9",.0,"9",.0,"9",.0,"9",3.6,"",.0,"9",.0,"9",.0,"9",.0,"9",.0,"9",.0,"9",.0,"9",.0,"9",.0,"9",.0,"9",0,"",0,"","R",0,"9",0,"9",0,"8"
"353230295","BIA£YSTOK","2018","12","29",3.2,"",1.4,"",2.3,"",1.4,"",.2,"","W",0,"9",.0,"9",.0,"9",6.0,"",.0,"9",.0,"9",.0,"9",.0,"9",10.4,"",.0,"9",.0,"9",.0,"9",.0,"9",.0,"9",.0,"9",.0,"9",.0,"9",.0,"9",.0,"9",0,"",0,"","R",0,"9",0,"9",0,"8"
"353230295","BIA£YSTOK","2018","12","30",4.7,"",1.9,"",3.6,"",1.2,"",4.4,"","S",0,"9",.0,"9",.0,"9",7.9,"",.0,"9",.0,"9",.0,"9",2.9,"",20.6,"",.0,"9",.0,"9",.0,"9",.0,"9",.0,"9",.0,"9",.0,"9",.0,"9",.0,"9",.0,"9",0,"",0,"","R",0,"9",0,"9",0,"8"
"353230295","BIA£YSTOK","2018","12","31",3.9,"",.1,"",.9,"",-.1,"",.2,"","S",0,"9",.0,"9",.0,"9",1.7,"",.0,"9",4.2,"",.0,"9",.3,"",8.9,"",.0,"9",.0,"9",.0,"9",.0,"9",.0,"9",.0,"9",.0,"9",.0,"9",.0,"9",.0,"9",0,"",0,"","R",0,"9",0,"9",0,"8"
