"353140205","SZCZECIN","2018","01","01",11.7,"",4.8,"",8.3,"",3.1,"",.9,"","W",0,"9",.0,"9",2.1,"",1.3,"",.0,"9",.0,"9",.0,"9",.0,"9",.0,"9",.0,"9",.0,"9",.0,"9",.0,"9",.0,"9",.0,"9",.0,"9",.0,"9",.0,"9",.0,"9",0,"",0,"","R",0,"9",0,"9",0,"8"
"353140205","SZCZECIN","2018","01","02",5.4,"",2.6,"",3.8,"",1.7,"",4.3,"","W",0,"9",.0,"9",.0,"9",6.8,"",.0,"9",.0,"9",.0,"9",.0,"9",14.3,"",.0,"9",.0,"9",.0,"9",.0,"9",.0,"9",.0,"9",.0,"9",.0,"9",.0,"9",.0,"9",0,"",0,"","R",0,"9",0,"9",0,"8"
"353140205","SZCZECIN","2018","01","03",5.9,"",1.2,"",3.8,"",.5,"",16.7,"","S",0,"9",.0,"9",.0,"9",7.5,"",.0,"9",1.4,"",.0,"9",.0,"9",4.0,"",.0,"9",.0,"9",.0,"9",.0,"9",.0,"9",1.7,"",.0,"9",.0,"9",.0,"9",.0,"9",0,"",0,"","R",0,"9",0,"9",0,"8"
"353140205","SZCZECIN","2018","01","04",6.1,"",4.3,"",5.3,"",3.8,"",2.6,"","W",0,"9",.0,"9",.7,"",9.7,"",.0,"9",.0,"9",.0,"9",.0,"9",.5,"",.0,"9",.0,"9",.0,"9",.0,"9",.0,"9",.0,"9",.0,"9",.0,"9",.0,"9",.0,"9",0,"",0,"","R",0,"9",0,"9",0,"8"
"353140205","SZCZECIN","2018","01","05",8.1,"",4.7,"",6.5,"",4.4,"",.5,"","W",0,"9",.0,"9",1.3,"",3.2,"",.0,"9",.0,"9",.0,"9",.0,"9",2.5,"",.0,"9",.0,"9",.0,"9",.0,"9",.0,"9",.0,"9",.0,"9",.0,"9",.0,"9",.0,"9",0,"",0,"","R",0,"9",0,"9",0,"8"
"353140205","SZCZECIN","2018","01","06",6.9,"",3.0,"",4.7,"",-.4,"",.1,"","W",0,"9",.0,"9",5.4,"",1.3,"",.0,"9",.0,"9",.0,"9",.0,"9",.0,"9",.0,"9",.0,"9",.0,"9",.0,"9",.0,"9",.0,"9",.0,"9",.0,"9",.0,"9",.0,"9",0,"",0,"","R",0,"9",0,"9",0,"8"
"353140205","SZCZECIN","2018","01","07",4.3,"",-4.5,"",-.4,"",-6.6,"",.0,"9","",0,"9",.0,"9",.2,"",.0,"9",.0,"9",.0,"9",.0,"9",.0,"9",6.5,"",.0,"9",.0,"9",.0,"9",.0,"9",.0,"9",.0,"9",.0,"9",.0,"9",.0,"9",7.0,"",0,"",0,"","R",0,"9",0,"9",0,"8"
"353140205","SZCZECIN","2018","01","08",.3,"",-8.9,"",-4.3,"",-10.3,"",.0,"9","",0,"9",.0,"9",7.1,"",.0,"9",.0,"9",.0,"9",.0,"9",.0,"9",21.0,"",.0,"9",.0,"9",.0,"9",.0,"9",.0,"9",.0,"9",.0,"9",.0,"9",.0,"9",12.0,"",0,"",0,"","Z",11,"",0,"9",0,"8"
"353140205","SZCZECIN","2018","01","09",4.1,"",-3.7,"",.9,"",-6.3,"",2.5,"","W",0,"9",.0,"9",2.6,"",.0,"9",.0,"9",.0,"9",.0,"9",.0,"9",1.5,"",.0,"9",.0,"9",.0,"9",.0,"9",.0,"9",4.3,"",.0,"9",.0,"9",.0,"9",8.0,"",0,"",0,"","Z",14,"",0,"9",0,"8"
"353140205","SZCZECIN","2018","01","10",3.3,"",1.2,"",2.1,"",.7,"",4.5,"","W",0,"9",.0,"9",.0,"9",3.0,"",.0,"9",.0,"9",.0,"9",.0,"9",14.8,"",.0,"9",.0,"9",.0,"9",.0,"9",.0,"9",.0,"9",.0,"9",.0,"9",.0,"9",.0,"9",0,"",0,"","R",11,"",9,"",0,"8"
"353140205","SZCZECIN","2018","01","11",2.1,"",.6,"",1.2,"",.2,"",2.5,"","S",0,"9",.0,"9",.0,"9",9.2,"",.0,"9",1.2,"",.0,"9",.0,"9",24.0,"",.0,"9",.0,"9",.0,"9",.0,"9",.0,"9",.0,"9",.0,"9",.0,"9",.0,"9",.0,"9",0,"",0,"","R",11,"",9,"",0,"8"
"353140205","SZCZECIN","2018","01","12",1.3,"",-.1,"",.5,"",-.2,"",.0,"","S",0,"9",.0,"9",.0,"9",.5,"",.0,"9",.9,"",.0,"9",.0,"9",24.0,"",.0,"9",.0,"9",.0,"9",.0,"9",.0,"9",.0,"9",.0,"9",.0,"9",.0,"9",.0,"9",0,"",0,"","",0,"9",0,"9",0,"8"
"353140205","SZCZECIN","2018","01","13",.0,"",-2.1,"",-.7,"",-4.9,"",.0,"9","",0,"9",.0,"9",.0,"9",.0,"9",.0,"9",.0,"9",.0,"9",.0,"9",4.2,"",.0,"9",.0,"9",.0,"9",.0,"9",.0,"9",.0,"9",.0,"9",.0,"9",.0,"9",.0,"9",0,"",0,"","Z",9,"",0,"9",0,"8"
"353140205","SZCZECIN","2018","01","14",-.2,"",-3.0,"",-1.7,"",-3.9,"",.0,"9","",0,"9",.0,"9",.0,"9",.0,"9",.0,"9",.0,"9",.0,"9",.0,"9",.0,"9",.0,"9",.0,"9",.0,"9",.0,"9",.0,"9",.0,"9",.0,"9",.0,"9",.0,"9",.0,"9",0,"",0,"","Z",11,"",0,"9",0,"8"
"353140205","SZCZECIN","2018","01","15",.4,"",-5.2,"",-2.1,"",-5.4,"",2.5,"","S",0,"9",.0,"9",5.8,"",.0,"9",.3,"",.0,"9",.0,"9",.0,"9",10.9,"",.0,"9",.0,"9",.0,"9",.0,"9",.0,"9",4.8,"",.0,"9",.0,"9",.0,"9",.0,"9",0,"",0,"","Z",15,"",0,"9",0,"8"
"353140205","SZCZECIN","2018","01","16",3.1,"",-.6,"",1.2,"",-1.0,"",3.2,"","S",4,"",.0,"9",.0,"9",3.4,"",5.3,"",.9,"",.0,"9",.0,"9",8.3,"",.0,"9",.0,"9",1.3,"",3.4,"",.0,"9",3.7,"",.0,"9",.0,"9",.0,"9",.0,"9",1,"",0,"","Z",14,"",0,"9",0,"8"
"353140205","SZCZECIN","2018","01","17",2.6,"",.3,"",1.3,"",.0,"",.4,"","W",0,"9",.0,"9",.0,"9",1.1,"",.0,"9",.0,"9",.0,"9",.0,"9",1.8,"",.0,"9",.0,"9",.0,"9",.0,"9",.0,"9",.0,"9",.0,"9",.0,"9",.0,"9",.0,"9",0,"",0,"","R",12,"",8,"",0,"8"
"353140205","SZCZECIN","2018","01","18",2.2,"",.1,"",1.3,"",-.1,"",11.5,"","S",0,"9",.0,"9",.0,"9",1.7,"",3.5,"",4.1,"",.0,"9",.0,"9",10.4,"",.0,"9",.0,"9",.0,"9",.0,"9",.0,"9",2.0,"",.0,"9",.0,"9",.0,"9",.0,"9",0,"",0,"","R",12,"",9,"",0,"8"
"353140205","SZCZECIN","2018","01","19",2.2,"",.5,"",1.4,"",.0,"",.9,"","S",2,"",.0,"9",1.0,"",2.4,"",.0,"9",.0,"9",.0,"9",.0,"9",9.8,"",.0,"9",.0,"9",.0,"9",.0,"9",.0,"9",.0,"9",.0,"9",.0,"9",.0,"9",.0,"9",1,"",0,"","R",0,"9",0,"9",0,"8"
"353140205","SZCZECIN","2018","01","20",2.0,"",.3,"",1.2,"",-.1,"",.1,"","W",1,"",.0,"9",.0,"9",.2,"",.8,"",.0,"9",.0,"9",.0,"9",22.0,"",.0,"9",.0,"9",.0,"9",.0,"9",.0,"9",.0,"9",.0,"9",.0,"9",.0,"9",.0,"9",1,"",0,"","R",0,"9",0,"9",0,"8"
"353140205","SZCZECIN","2018","01","21",1.3,"",-.1,"",.5,"",-1.0,"",.0,"9","",0,"9",.0,"9",.0,"9",.0,"9",.0,"9",.0,"9",.0,"9",.0,"9",24.0,"",.0,"9",.0,"9",.0,"9",.0,"9",.0,"9",.0,"9",.0,"9",.0,"9",.0,"9",.0,"9",0,"",0,"","R",0,"9",0,"9",0,"8"
"353140205","SZCZECIN","2018","01","22",.6,"",-1.5,"",-.5,"",-3.0,"",.0,"","S",0,"9",.0,"9",.1,"",.0,"9",3.7,"",.0,"9",.0,"9",.0,"9",10.3,"",.0,"9",.0,"9",.0,"9",.0,"9",.0,"9",.0,"9",.0,"9",.0,"9",.0,"9",.0,"9",0,"",0,"","",10,"",0,"9",0,"8"
"353140205","SZCZECIN","2018","01","23",1.1,"",-3.6,"",-.9,"",-4.2,"",.2,"","S",0,"",.0,"9",1.9,"",1.5,"",1.9,"",.0,"9",.0,"9",.0,"9",24.0,"",.0,"9",.0,"9",.0,"9",.0,"9",.0,"9",.0,"9",.0,"9",.0,"9",.0,"9",.0,"9",0,"",0,"","R",11,"",4,"",0,"8"
"353140205","SZCZECIN","2018","01","24",10.6,"",1.0,"",7.6,"",.8,"",.4,"","W",0,"9",.0,"9",1.1,"",5.0,"",.0,"9",.0,"9",.0,"9",.0,"9",8.8,"",.0,"9",.0,"9",.0,"9",.0,"9",.0,"9",.0,"9",.0,"9",.0,"9",.0,"9",.0,"9",0,"",0,"","R",0,"9",0,"9",0,"8"
"353140205","SZCZECIN","2018","01","25",10.7,"",6.4,"",8.0,"",4.2,"",4.1,"","W",0,"9",.0,"9",.0,"9",5.8,"",.0,"9",.0,"9",.0,"9",.0,"9",5.7,"",.0,"9",.0,"9",.0,"9",.0,"9",.0,"9",.0,"9",.0,"9",.0,"9",.0,"9",.0,"9",0,"",0,"","R",0,"9",0,"9",0,"8"
"353140205","SZCZECIN","2018","01","26",6.4,"",4.7,"",5.5,"",2.6,"",1.7,"","W",0,"9",.0,"9",.0,"9",11.3,"",.0,"9",.0,"9",.0,"9",.0,"9",24.0,"",.0,"9",.0,"9",.0,"9",.0,"9",.0,"9",.0,"9",.0,"9",.0,"9",.0,"9",.0,"9",0,"",0,"","R",0,"9",0,"9",0,"8"
"353140205","SZCZECIN","2018","01","27",6.2,"",4.1,"",5.2,"",3.7,"",1.3,"","W",0,"9",.0,"9",.0,"9",.0,"9",.0,"9",.0,"9",.0,"9",.0,"9",16.5,"",.0,"9",.0,"9",.0,"9",.0,"9",.0,"9",.0,"9",.0,"9",.0,"9",.0,"9",.0,"9",0,"",0,"","R",0,"9",0,"9",0,"8"
"353140205","SZCZECIN","2018","01","28",9.3,"",4.8,"",7.1,"",4.3,"",.2,"","W",0,"9",.0,"9",1.0,"",4.0,"",.0,"9",.0,"9",.0,"9",.0,"9",3.2,"",.0,"9",.0,"9",.0,"9",.0,"9",.0,"9",.0,"9",.0,"9",.0,"9",.0,"9",.0,"9",0,"",0,"","R",0,"9",0,"9",0,"8"
"353140205","SZCZECIN","2018","01","29",10.6,"",7.2,"",8.9,"",6.7,"",5.0,"","W",0,"9",.0,"9",.0,"9",8.7,"",.0,"9",.0,"9",.0,"9",.0,"9",3.5,"",.0,"9",.0,"9",.0,"9",.0,"9",.0,"9",.0,"9",.0,"9",.0,"9",.0,"9",.0,"9",0,"",0,"","R",0,"9",0,"9",0,"8"
"353140205","SZCZECIN","2018","01","30",8.2,"",3.7,"",5.2,"",2.8,"",.0,"","W",0,"9",.0,"9",.0,"9",.2,"",.0,"9",.0,"9",.0,"9",.0,"9",.0,"9",.0,"9",.0,"9",.0,"9",.0,"9",.0,"9",.0,"9",.0,"9",.0,"9",.0,"9",.0,"9",0,"",0,"","R",0,"9",0,"9",0,"8"
"353140205","SZCZECIN","2018","01","31",8.0,"",.3,"",3.9,"",-1.4,"",5.3,"","W",0,"9",.0,"9",.4,"",8.1,"",.0,"9",.0,"9",.0,"9",.0,"9",.9,"",.0,"9",.0,"9",.0,"9",.0,"9",.0,"9",.0,"9",.0,"9",.0,"9",.0,"9",.0,"9",0,"",0,"","R",0,"9",0,"9",0,"8"
"353140205","SZCZECIN","2018","02","01",8.1,"",2.0,"",3.7,"",1.6,"",.0,"9","",0,"9",.0,"9",4.7,"",.5,"",.0,"9",.0,"9",.0,"9",.0,"9",.0,"9",.0,"9",.0,"9",.0,"9",.0,"9",.0,"9",.0,"9",.0,"9",.0,"9",.0,"9",.0,"9",0,"",0,"","R",0,"9",0,"9",0,"8"
"353140205","SZCZECIN","2018","02","02",4.8,"",-.2,"",2.2,"",-.9,"",.0,"","W",0,"9",.0,"9",6.0,"",3.4,"",.0,"9",.0,"9",.0,"9",.0,"9",1.3,"",.0,"9",.0,"9",.0,"9",.0,"9",.0,"9",.0,"9",.0,"9",.0,"9",.0,"9",.0,"9",0,"",0,"","Z",1,"",0,"9",0,"8"
"353140205","SZCZECIN","2018","02","03",3.7,"",-1.2,"",1.0,"",-1.3,"",1.5,"","S",0,"9",.0,"9",.0,"9",2.7,"",3.4,"",.0,"9",.0,"9",.0,"9",15.3,"",.0,"9",.0,"9",.0,"9",.0,"9",.0,"9",.0,"9",.0,"9",.0,"9",.0,"9",.0,"9",0,"",0,"","R",0,"9",0,"9",0,"8"
"353140205","SZCZECIN","2018","02","04",1.5,"",-1.5,"",-.2,"",-2.4,"",3.5,"","S",4,"",.0,"9",.0,"9",.3,"",4.2,"",.2,"",.0,"9",.0,"9",14.0,"",.0,"9",.0,"9",.0,"9",.0,"9",.0,"9",.0,"9",.0,"9",.0,"9",.0,"9",.0,"9",1,"",0,"","Z",1,"",0,"9",0,"8"
"353140205","SZCZECIN","2018","02","05",1.1,"",-2.5,"",-1.0,"",-6.4,"",.0,"9","",3,"",.0,"9",6.6,"",.0,"9",.3,"",.0,"9",.0,"9",.0,"9",3.5,"",.0,"9",.0,"9",.0,"9",.0,"9",.0,"9",.0,"9",.0,"9",.0,"9",.0,"9",.0,"9",1,"",0,"","Z",1,"",0,"9",0,"8"
"353140205","SZCZECIN","2018","02","06",-.2,"",-5.9,"",-3.9,"",-8.4,"",.0,"9","",2,"",.0,"9",8.0,"",.0,"9",.0,"9",.0,"9",.0,"9",.0,"9",16.0,"",.0,"9",.0,"9",.0,"9",.0,"9",.0,"9",.0,"9",.0,"9",.0,"9",.0,"9",.0,"9",1,"",0,"","Z",6,"",0,"9",0,"8"
"353140205","SZCZECIN","2018","02","07",1.0,"",-7.4,"",-4.4,"",-9.1,"",.0,"9","",2,"",.0,"9",7.8,"",.0,"9",.0,"9",.0,"9",.0,"9",.0,"9",20.0,"",.0,"9",.0,"9",.0,"9",.0,"9",2.0,"",.0,"9",.0,"9",.0,"9",.0,"9",.0,"9",1,"",0,"","Z",8,"",0,"9",0,"8"
"353140205","SZCZECIN","2018","02","08",1.6,"",-10.4,"",-5.7,"",-12.3,"",.0,"9","",1,"",.0,"9",7.9,"",.0,"9",.0,"9",.0,"9",.0,"9",.8,"",16.8,"",.0,"9",.0,"9",.0,"9",.0,"9",.3,"",.0,"9",.0,"9",.0,"9",.0,"9",.0,"9",1,"",0,"","Z",11,"",0,"9",0,"8"
"353140205","SZCZECIN","2018","02","09",.8,"",-10.6,"",-5.4,"",-12.1,"",.0,"9","",1,"",.0,"9",8.2,"",.0,"9",.0,"9",.0,"9",.0,"9",.0,"9",17.7,"",.0,"9",.0,"9",.0,"9",.0,"9",3.3,"",.0,"9",.0,"9",.0,"9",.0,"9",.0,"9",1,"",0,"","Z",15,"",0,"9",0,"8"
"353140205","SZCZECIN","2018","02","10",-.5,"",-6.0,"",-2.8,"",-7.0,"",.0,"","S",1,"",.0,"9",.0,"9",.0,"9",3.1,"",.0,"9",.0,"9",.0,"9",24.0,"",.0,"9",.0,"9",.0,"9",.0,"9",.0,"9",.0,"9",.0,"9",.0,"9",.0,"9",.0,"9",1,"",0,"","",16,"",0,"9",0,"8"
"353140205","SZCZECIN","2018","02","11",3.8,"",-1.4,"",1.5,"",-4.2,"",.0,"","W",1,"",.0,"9",2.0,"",2.2,"",.0,"9",.0,"9",.0,"9",.0,"9",13.5,"",.0,"9",.0,"9",.0,"9",.0,"9",.0,"9",.0,"9",.0,"9",.0,"9",.0,"9",.0,"9",1,"",0,"","Z",16,"",0,"9",0,"8"
"353140205","SZCZECIN","2018","02","12",4.0,"",-.2,"",1.2,"",-.9,"",.0,"9","",0,"9",.0,"9",2.2,"",.0,"9",.0,"9",.0,"9",.0,"9",.0,"9",.0,"9",.0,"9",.0,"9",.0,"9",.0,"9",.0,"9",.0,"9",.0,"9",.0,"9",.0,"9",.0,"9",0,"",0,"","R",15,"",4,"",0,"8"
"353140205","SZCZECIN","2018","02","13",5.0,"",-1.4,"",.2,"",-4.8,"",.0,"9","",0,"9",.0,"9",5.0,"",.0,"9",.0,"9",.0,"9",.0,"9",.0,"9",13.0,"",.0,"9",.0,"9",.0,"9",.0,"9",.0,"9",.0,"9",.0,"9",.0,"9",.0,"9",.0,"9",0,"",0,"","Z",14,"",0,"9",0,"8"
"353140205","SZCZECIN","2018","02","14",-1.2,"",-5.0,"",-2.9,"",-7.9,"",.0,"9","",0,"9",.0,"9",.0,"9",.0,"9",.0,"9",.0,"9",.0,"9",10.9,"",13.1,"",.0,"9",.0,"9",.0,"9",.0,"9",.0,"9",.0,"9",.0,"9",.0,"9",.0,"9",.0,"9",0,"",0,"","Z",15,"",0,"9",0,"8"
"353140205","SZCZECIN","2018","02","15",-.1,"",-3.8,"",-1.9,"",-3.3,"",.5,"","S",0,"9",.0,"9",.4,"",.0,"9",3.3,"",.0,"9",.0,"9",.0,"9",24.0,"",.0,"9",.0,"9",.0,"9",.0,"9",.0,"9",.0,"9",.0,"9",.0,"9",.0,"9",.0,"9",0,"",0,"","Z",15,"",0,"9",0,"8"
"353140205","SZCZECIN","2018","02","16",6.0,"",-.4,"",2.5,"",-.5,"",.0,"9","",1,"",.0,"9",7.5,"",.0,"9",2.7,"",.0,"9",.0,"9",.0,"9",13.3,"",.0,"9",.0,"9",.0,"9",.0,"9",.0,"9",.0,"9",.0,"9",.0,"9",.0,"9",.0,"9",1,"",0,"","Z",15,"",0,"9",0,"8"
"353140205","SZCZECIN","2018","02","17",4.4,"",1.0,"",2.1,"",.3,"",.0,"","W",0,"9",.0,"9",.0,"9",2.2,"",.0,"9",.0,"9",.0,"9",.0,"9",5.5,"",.0,"9",.0,"9",.0,"9",.0,"9",.0,"9",.0,"9",.0,"9",.0,"9",.0,"9",.0,"9",0,"",0,"","R",15,"",4,"",0,"8"
"353140205","SZCZECIN","2018","02","18",3.6,"",.3,"",1.6,"",-.5,"",.0,"9","",0,"9",.0,"9",.0,"9",.0,"9",.0,"9",.0,"9",.0,"9",.0,"9",.0,"9",.0,"9",.0,"9",.0,"9",.0,"9",.0,"9",.0,"9",.0,"9",.0,"9",.0,"9",.0,"9",0,"",0,"","R",13,"",5,"",0,"8"
"353140205","SZCZECIN","2018","02","19",4.6,"",.1,"",1.6,"",-1.0,"",.0,"9","",0,"9",.0,"9",5.0,"",.0,"9",.0,"9",.0,"9",.0,"9",.0,"9",.0,"9",.0,"9",.0,"9",.0,"9",.0,"9",.0,"9",.0,"9",.0,"9",.0,"9",.0,"9",.0,"9",0,"",0,"","R",13,"",5,"",0,"8"
"353140205","SZCZECIN","2018","02","20",3.9,"",-1.8,"",-.1,"",-4.9,"",.0,"9","",0,"9",.0,"9",8.4,"",.0,"9",.0,"9",.0,"9",.0,"9",.0,"9",3.5,"",.0,"9",.0,"9",.0,"9",.0,"9",.0,"9",.0,"9",.0,"9",.0,"9",.0,"9",.0,"9",0,"",0,"","Z",13,"",0,"9",0,"8"
"353140205","SZCZECIN","2018","02","21",3.2,"",-4.0,"",-.1,"",-7.2,"",.0,"9","",0,"9",.0,"9",6.2,"",.0,"9",.0,"9",.0,"9",.0,"9",.0,"9",6.2,"",.0,"9",.0,"9",.0,"9",.0,"9",.0,"9",.0,"9",.0,"9",.0,"9",.0,"9",.0,"9",0,"",0,"","Z",12,"",0,"9",0,"8"
"353140205","SZCZECIN","2018","02","22",1.1,"",-5.2,"",-2.2,"",-6.5,"",.0,"","S",0,"9",.0,"9",.8,"",.0,"9",3.0,"",.0,"9",.0,"9",.0,"9",12.5,"",.0,"9",.0,"9",.0,"9",.0,"9",.0,"9",.0,"9",.0,"9",.0,"9",.0,"9",.0,"9",0,"",0,"","",10,"",0,"9",0,"8"
"353140205","SZCZECIN","2018","02","23",-.4,"",-9.5,"",-4.4,"",-10.4,"",.0,"9","",0,"9",.0,"9",9.5,"",.0,"9",.0,"9",.0,"9",.0,"9",.0,"9",3.0,"",.0,"9",.0,"9",.0,"9",.0,"9",.0,"9",.0,"9",.0,"9",.0,"9",.0,"9",.0,"9",0,"",0,"","Z",12,"",0,"9",0,"8"
"353140205","SZCZECIN","2018","02","24",-.4,"",-5.4,"",-2.4,"",-7.6,"",.0,"9","",0,"9",.0,"9",7.0,"",.0,"9",.0,"9",.0,"9",.0,"9",.0,"9",.3,"",.0,"9",.0,"9",.0,"9",.0,"9",.0,"9",.0,"9",.0,"9",.0,"9",.0,"9",.0,"9",0,"",0,"","Z",13,"",0,"9",0,"8"
"353140205","SZCZECIN","2018","02","25",-2.0,"",-11.8,"",-6.5,"",-12.4,"",.0,"","S",0,"9",.0,"9",2.6,"",.0,"9",1.9,"",.0,"9",.0,"9",.0,"9",1.5,"",.0,"9",.0,"9",.0,"9",.0,"9",.0,"9",.0,"9",.0,"9",.0,"9",.0,"9",.0,"9",0,"",0,"","",18,"",0,"9",0,"8"
"353140205","SZCZECIN","2018","02","26",-2.6,"",-10.7,"",-6.5,"",-12.4,"",.0,"9","",0,"9",.0,"9",8.3,"",.0,"9",.0,"9",.0,"9",.0,"9",.0,"9",2.0,"",.0,"9",.0,"9",.0,"9",.0,"9",.0,"9",.0,"9",.0,"9",.0,"9",.0,"9",.0,"9",0,"",0,"","Z",19,"",0,"9",0,"8"
"353140205","SZCZECIN","2018","02","27",-5.0,"",-12.8,"",-8.5,"",-14.1,"",.0,"","S",0,"9",.0,"9",2.5,"",.0,"9",2.8,"",.0,"9",.0,"9",.0,"9",5.2,"",.0,"9",.0,"9",.0,"9",.0,"9",.0,"9",.0,"9",.0,"9",.0,"9",.0,"9",.0,"9",0,"",0,"","",22,"",0,"9",0,"8"
"353140205","SZCZECIN","2018","02","28",-5.5,"",-13.7,"",-9.7,"",-14.2,"",.0,"9","",0,"9",.0,"9",10.1,"",.0,"9",.0,"9",.0,"9",.0,"9",.0,"9",.0,"9",.0,"9",.0,"9",.0,"9",.0,"9",.0,"9",.0,"9",.0,"9",.0,"9",.0,"9",.0,"9",0,"",0,"","Z",28,"",0,"9",0,"8"
"353140205","SZCZECIN","2018","03","01",-5.2,"",-14.0,"",-9.3,"",-15.4,"",.0,"9","",0,"9",.0,"9",10.2,"",.0,"9",.0,"9",.0,"9",.0,"9",.0,"9",.9,"",.0,"9",.0,"9",.0,"9",.0,"9",.0,"9",.0,"9",.0,"9",.0,"9",.0,"9",.0,"9",0,"",0,"","Z",36,"",0,"9",0,"8"
"353140205","SZCZECIN","2018","03","02",-4.6,"",-14.8,"",-9.8,"",-16.2,"",.0,"9","",0,"9",.0,"9",9.9,"",.0,"9",.0,"9",.0,"9",.0,"9",.0,"9",8.5,"",.0,"9",.0,"9",.0,"9",.0,"9",.0,"9",.0,"9",.0,"9",.0,"9",.0,"9",.0,"9",0,"",0,"","Z",39,"",0,"9",0,"8"
"353140205","SZCZECIN","2018","03","03",-1.1,"",-14.6,"",-7.8,"",-16.3,"",.0,"9","",0,"9",.0,"9",10.1,"",.0,"9",.0,"9",.0,"9",.0,"9",.0,"9",3.5,"",.0,"9",.0,"9",.0,"9",.0,"9",.0,"9",.0,"9",.0,"9",.0,"9",.0,"9",.0,"9",0,"",0,"","Z",42,"",0,"9",0,"8"
"353140205","SZCZECIN","2018","03","04",1.4,"",-11.6,"",-4.9,"",-14.9,"",.0,"9","",0,"9",.0,"9",10.2,"",.0,"9",.0,"9",.0,"9",.0,"9",.0,"9",8.5,"",.0,"9",.0,"9",.0,"9",.0,"9",2.3,"",.0,"9",.0,"9",.0,"9",.0,"9",.0,"9",0,"",0,"","Z",43,"",0,"9",0,"8"
"353140205","SZCZECIN","2018","03","05",6.2,"",-4.6,"",-.7,"",-5.4,"",.0,"9","",0,"9",.0,"9",3.7,"",.0,"9",.0,"9",.0,"9",.0,"9",.0,"9",6.3,"",.0,"9",.0,"9",.0,"9",.0,"9",17.7,"",.0,"9",.0,"9",.0,"9",.0,"9",.0,"9",0,"",0,"","Z",42,"",0,"9",0,"8"
"353140205","SZCZECIN","2018","03","06",6.8,"",-5.2,"",.9,"",-8.9,"",6.2,"","S",0,"9",.0,"9",3.5,"",3.6,"",.0,"9",.3,"",.0,"9",.0,"9",14.0,"",.0,"9",.0,"9",.0,"9",.0,"9",10.0,"",.0,"9",.0,"9",.0,"9",.0,"9",.0,"9",0,"",0,"","Z",42,"",0,"9",0,"8"
"353140205","SZCZECIN","2018","03","07",4.5,"",.0,"",.6,"",-.1,"",2.9,"","S",4,"",.0,"9",.0,"9",5.0,"",11.0,"",4.4,"",.0,"9",.0,"9",24.0,"",.0,"9",.0,"9",.0,"9",.0,"9",.0,"9",.0,"9",.0,"9",.0,"9",.0,"9",.0,"9",1,"",0,"","Z",39,"",0,"9",0,"8"
"353140205","SZCZECIN","2018","03","08",4.8,"",.3,"",2.4,"",-1.8,"",3.3,"","W",2,"",.0,"9",.7,"",1.6,"",.0,"9",.0,"9",.0,"9",.0,"9",19.5,"",.0,"9",.0,"9",.0,"9",.0,"9",.0,"9",.0,"9",.0,"9",.0,"9",.0,"9",.0,"9",1,"",0,"","R",38,"",4,"",0,"8"
"353140205","SZCZECIN","2018","03","09",5.6,"",2.0,"",3.6,"",-.9,"",.3,"","W",0,"9",.0,"9",.1,"",3.7,"",.0,"9",.0,"9",.0,"9",.0,"9",2.5,"",.0,"9",.0,"9",.0,"9",.0,"9",.0,"9",.0,"9",.0,"9",.0,"9",.0,"9",.0,"9",0,"",0,"","R",39,"",5,"",0,"8"
"353140205","SZCZECIN","2018","03","10",6.4,"",-3.5,"",2.6,"",-4.7,"",.2,"","W",0,"9",.0,"9",1.1,"",1.9,"",.0,"9",.0,"9",.0,"9",.0,"9",16.0,"",.0,"9",.0,"9",.0,"9",.0,"9",.0,"9",.0,"9",.0,"9",.0,"9",.0,"9",.0,"9",0,"",0,"","Z",37,"",0,"9",0,"8"
"353140205","SZCZECIN","2018","03","11",16.2,"",-.4,"",8.0,"",-1.4,"",.0,"9","",0,"9",.0,"9",8.5,"",.0,"9",.0,"9",.0,"9",.0,"9",1.2,"",7.3,"",.0,"9",.0,"9",.0,"9",.0,"9",.0,"9",.0,"9",.0,"9",.0,"9",.0,"9",.0,"9",0,"",0,"","R",37,"",5,"",0,"8"
"353140205","SZCZECIN","2018","03","12",12.1,"",3.8,"",7.4,"",1.1,"",6.5,"","W",0,"9",.0,"9",.2,"",8.6,"",.0,"9",.0,"9",.0,"9",.0,"9",23.5,"",.0,"9",.0,"9",.0,"9",.0,"9",.0,"9",.0,"9",.0,"9",.0,"9",.0,"9",.0,"9",0,"",0,"","R",33,"",16,"",0,"8"
"353140205","SZCZECIN","2018","03","13",11.0,"",5.9,"",7.4,"",5.6,"",1.0,"","W",0,"9",.0,"9",.0,"9",9.6,"",.0,"9",.0,"9",.0,"9",.0,"9",12.8,"",.0,"9",.0,"9",.0,"9",.0,"9",.0,"9",.0,"9",.0,"9",.0,"9",.0,"9",.0,"9",0,"",0,"","R",33,"",19,"",0,"8"
"353140205","SZCZECIN","2018","03","14",8.6,"",2.1,"",2.9,"",1.9,"",.6,"","W",0,"9",.0,"9",.0,"9",6.0,"",.0,"9",.0,"9",.0,"9",.0,"9",3.8,"",.0,"9",.0,"9",.0,"9",.0,"9",.0,"9",.0,"9",.0,"9",.0,"9",.0,"9",.0,"9",0,"",0,"","R",0,"9",0,"9",0,"8"
"353140205","SZCZECIN","2018","03","15",5.4,"",.6,"",2.3,"",.5,"",.0,"9","",0,"9",.0,"9",3.2,"",.0,"9",.0,"9",.0,"9",.0,"9",.0,"9",.0,"9",.0,"9",.0,"9",.0,"9",.0,"9",.0,"9",.0,"9",.0,"9",.0,"9",.0,"9",.0,"9",0,"",0,"","R",0,"9",0,"9",0,"8"
"353140205","SZCZECIN","2018","03","16",2.7,"",-1.9,"",-.5,"",-2.6,"",.0,"9","",0,"9",.0,"9",6.5,"",.0,"9",.0,"9",.0,"9",.0,"9",.0,"9",.0,"9",.0,"9",.0,"9",.0,"9",.0,"9",.0,"9",.0,"9",.0,"9",.0,"9",.0,"9",.0,"9",0,"",0,"","R",0,"9",0,"9",0,"8"
"353140205","SZCZECIN","2018","03","17",-.1,"",-5.7,"",-3.3,"",-6.0,"",.0,"9","",0,"9",.0,"9",11.0,"",.0,"9",.0,"9",.0,"9",.0,"9",.0,"9",.0,"9",.0,"9",.0,"9",.0,"9",.0,"9",.0,"9",.0,"9",.0,"9",.0,"9",.0,"9",.0,"9",0,"",0,"","Z",11,"",0,"9",0,"8"
"353140205","SZCZECIN","2018","03","18",1.7,"",-5.7,"",-2.6,"",-6.3,"",.0,"9","",0,"9",.0,"9",11.3,"",.0,"9",.0,"9",.0,"9",.0,"9",.0,"9",.0,"9",.0,"9",.0,"9",.0,"9",.0,"9",.0,"9",.0,"9",.0,"9",.0,"9",.0,"9",.0,"9",0,"",0,"","Z",18,"",0,"9",0,"8"
"353140205","SZCZECIN","2018","03","19",4.1,"",-10.6,"",-3.3,"",-12.3,"",.0,"9","",0,"9",.0,"9",11.6,"",.0,"9",.0,"9",.0,"9",.0,"9",.0,"9",3.3,"",.0,"9",.0,"9",.0,"9",.0,"9",.0,"9",.0,"9",.0,"9",.0,"9",.0,"9",6.0,"",0,"",0,"","Z",19,"",0,"9",0,"8"
"353140205","SZCZECIN","2018","03","20",3.8,"",-8.7,"",-2.2,"",-10.5,"",.0,"","S",0,"9",.0,"9",2.4,"",.0,"9",.6,"",.0,"9",.0,"9",.0,"9",6.7,"",.0,"9",.0,"9",.0,"9",.0,"9",.0,"9",.0,"9",.0,"9",.0,"9",.0,"9",6.0,"",0,"",0,"","",20,"",0,"9",0,"8"
"353140205","SZCZECIN","2018","03","21",6.1,"",-5.3,"",.8,"",-8.3,"",.1,"","W",0,"9",.0,"9",9.3,"",.3,"",.0,"9",.0,"9",.0,"9",.0,"9",.0,"9",.0,"9",.0,"9",.0,"9",.0,"9",.0,"9",.0,"9",.0,"9",.0,"9",.0,"9",8.0,"",0,"",0,"","Z",20,"",0,"9",0,"8"
"353140205","SZCZECIN","2018","03","22",4.1,"",.3,"",1.6,"",.0,"",2.2,"","S",0,"9",.0,"9",.0,"9",9.3,"",2.0,"",1.2,"",.0,"9",1.0,"",22.5,"",.0,"9",.0,"9",.0,"9",.0,"9",.0,"9",.0,"9",.0,"9",.0,"9",.0,"9",.0,"9",0,"",0,"","R",23,"",7,"",0,"8"
"353140205","SZCZECIN","2018","03","23",2.4,"",.4,"",1.3,"",-.1,"",.0,"9","",0,"9",.0,"9",.0,"9",1.5,"",.0,"9",.0,"9",.0,"9",.0,"9",18.8,"",.0,"9",.0,"9",.0,"9",.0,"9",.0,"9",.0,"9",.0,"9",.0,"9",.0,"9",.0,"9",0,"",0,"","R",20,"",8,"",0,"8"
"353140205","SZCZECIN","2018","03","24",4.9,"",-.2,"",1.6,"",-.5,"",.0,"9","",0,"9",.0,"9",.9,"",.0,"9",.0,"9",.0,"9",.0,"9",.0,"9",14.7,"",.0,"9",.0,"9",.0,"9",.0,"9",.0,"9",.0,"9",.0,"9",.0,"9",.0,"9",.0,"9",0,"",0,"","R",20,"",5,"",0,"8"
"353140205","SZCZECIN","2018","03","25",11.1,"",-5.2,"",2.2,"",-6.4,"",.0,"9","",0,"9",.0,"9",10.8,"",.0,"9",.0,"9",.0,"9",.0,"9",.0,"9",13.0,"",.0,"9",.0,"9",.0,"9",.0,"9",.0,"9",.0,"9",.0,"9",.0,"9",.0,"9",.0,"9",0,"",0,"","Z",9,"",0,"9",0,"8"
"353140205","SZCZECIN","2018","03","26",5.7,"",-3.4,"",2.2,"",-5.3,"",.6,"","W",0,"9",.0,"9",.2,"",3.2,"",.0,"9",.0,"9",.0,"9",.0,"9",21.5,"",.0,"9",.0,"9",.0,"9",.0,"9",.0,"9",.0,"9",.0,"9",.0,"9",.0,"9",.0,"9",0,"",0,"","Z",1,"",0,"9",0,"8"
"353140205","SZCZECIN","2018","03","27",6.8,"",-1.7,"",2.2,"",-4.3,"",.0,"","W",0,"9",.0,"9",3.9,"",.1,"",.0,"9",.0,"9",.0,"9",.0,"9",9.3,"",.0,"9",.0,"9",.0,"9",.0,"9",.0,"9",.0,"9",.0,"9",.0,"9",.0,"9",.0,"9",0,"",0,"","R",0,"9",0,"9",0,"8"
"353140205","SZCZECIN","2018","03","28",4.2,"",-2.8,"",1.4,"",-4.2,"",6.5,"","S",0,"9",.0,"9",.4,"",.0,"9",3.0,"",.0,"9",.0,"9",.0,"9",11.8,"",.0,"9",.0,"9",.0,"9",.0,"9",.0,"9",.0,"9",.0,"9",.0,"9",.0,"9",5.0,"",0,"",0,"","Z",1,"",0,"9",0,"8"
"353140205","SZCZECIN","2018","03","29",6.6,"",.3,"",2.6,"",-.1,"",.0,"9","",1,"",.0,"9",.2,"",2.1,"",3.3,"",.0,"9",.0,"9",.0,"9",7.5,"",.0,"9",.0,"9",.0,"9",.0,"9",.0,"9",.0,"9",.0,"9",.0,"9",.0,"9",.0,"9",1,"",0,"","R",0,"9",0,"9",0,"8"
"353140205","SZCZECIN","2018","03","30",6.2,"",.1,"",2.6,"",-1.0,"",.0,"9","",0,"9",.0,"9",7.4,"",.0,"9",.0,"9",.0,"9",.0,"9",.0,"9",.0,"9",.0,"9",.0,"9",.0,"9",.0,"9",.0,"9",.0,"9",.0,"9",.0,"9",.0,"9",.0,"9",0,"",0,"","R",0,"9",0,"9",0,"8"
"353140205","SZCZECIN","2018","03","31",7.5,"",-1.0,"",3.3,"",-2.0,"",12.5,"","W",0,"9",.0,"9",2.8,"",9.5,"",.0,"9",.0,"9",.0,"9",.0,"9",7.8,"",.0,"9",.0,"9",.0,"9",.0,"9",.0,"9",.0,"9",.0,"9",.0,"9",.0,"9",.0,"9",0,"",0,"","Z",1,"",0,"9",0,"8"
"353140205","SZCZECIN","2018","04","01",4.4,"",.7,"",1.7,"",.6,"",1.9,"","S",0,"9",.0,"9",.0,"9",7.6,"",.0,"9",9.7,"",.0,"9",.0,"9",19.5,"",.0,"9",.0,"9",.0,"9",.0,"9",.0,"9",.0,"9",.0,"9",.0,"9",.0,"9",.0,"9",0,"",0,"","R",0,"9",0,"9",0,"8"
"353140205","SZCZECIN","2018","04","02",7.7,"",-.3,"",3.3,"",-.7,"",1.3,"","W",0,"9",.0,"9",11.9,"",.0,"9",.0,"9",.0,"9",.0,"9",.0,"9",.0,"9",.0,"9",.0,"9",.0,"9",.0,"9",.0,"9",.0,"9",.0,"9",.0,"9",.0,"9",.0,"9",0,"",0,"","R",0,"9",0,"9",0,"8"
"353140205","SZCZECIN","2018","04","03",16.6,"",2.0,"",9.9,"",.3,"",.1,"","W",0,"9",.0,"9",4.9,"",6.7,"",.0,"9",.0,"9",.0,"9",.0,"9",4.8,"",.0,"9",.0,"9",.0,"9",.0,"9",.0,"9",.0,"9",.0,"9",.0,"9",.0,"9",.0,"9",0,"",0,"","R",0,"9",0,"9",0,"8"
"353140205","SZCZECIN","2018","04","04",20.7,"",9.3,"",16.2,"",4.9,"",2.1,"","W",0,"9",.0,"9",9.3,"",1.3,"",.0,"9",.0,"9",.0,"9",.0,"9",.0,"9",.0,"9",.0,"9",.0,"9",.0,"9",.0,"9",.2,"",.0,"9",.9,"",.0,"9",.0,"9",0,"",0,"","R",0,"9",0,"9",0,"8"
"353140205","SZCZECIN","2018","04","05",17.0,"",8.5,"",10.2,"",6.7,"",.9,"","W",0,"9",.0,"9",3.5,"",.6,"",.0,"9",.0,"9",.0,"9",.0,"9",.0,"9",.0,"9",.0,"9",.0,"9",.0,"9",.0,"9",.0,"9",.0,"9",.0,"9",.0,"9",.0,"9",0,"",0,"","R",0,"9",0,"9",0,"8"
"353140205","SZCZECIN","2018","04","06",12.0,"",1.5,"",6.3,"",.8,"",.0,"9","",0,"9",.0,"9",12.2,"",.0,"9",.0,"9",.0,"9",.0,"9",.0,"9",.0,"9",.0,"9",.0,"9",.0,"9",.0,"9",.0,"9",.0,"9",.0,"9",.0,"9",5.0,"",.0,"9",0,"",0,"","R",0,"9",0,"9",0,"8"
"353140205","SZCZECIN","2018","04","07",18.1,"",1.4,"",10.3,"",-.9,"",.0,"9","",0,"9",.0,"9",12.7,"",.0,"9",.0,"9",.0,"9",.0,"9",.0,"9",.0,"9",.0,"9",.0,"9",.0,"9",.0,"9",.0,"9",.2,"",.0,"9",.0,"9",8.0,"",.0,"9",0,"",0,"","R",0,"9",0,"9",0,"8"
"353140205","SZCZECIN","2018","04","08",20.6,"",7.5,"",14.4,"",3.1,"",.0,"9","",0,"9",.0,"9",12.3,"",.0,"9",.0,"9",.0,"9",.0,"9",.0,"9",2.8,"",.0,"9",.0,"9",.0,"9",.0,"9",.0,"9",.3,"",.0,"9",.0,"9",.0,"9",.0,"9",0,"",0,"","R",0,"9",0,"9",0,"8"
"353140205","SZCZECIN","2018","04","09",21.4,"",3.5,"",12.9,"",.0,"",.0,"9","",0,"9",.0,"9",11.7,"",.0,"9",.0,"9",.0,"9",.0,"9",.0,"9",6.5,"",.0,"9",.0,"9",.0,"9",.0,"9",.0,"9",.0,"9",.0,"9",.0,"9",6.2,"",.0,"9",0,"",0,"","R",0,"9",0,"9",0,"8"
"353140205","SZCZECIN","2018","04","10",23.4,"",5.1,"",13.4,"",2.5,"",.0,"9","",0,"9",.0,"9",11.8,"",.0,"9",.0,"9",.0,"9",.0,"9",.0,"9",5.0,"",.0,"9",.0,"9",.0,"9",.0,"9",.0,"9",.0,"9",.0,"9",.0,"9",3.8,"",.0,"9",0,"",0,"","R",0,"9",0,"9",0,"8"
"353140205","SZCZECIN","2018","04","11",16.0,"",6.7,"",10.8,"",6.2,"",.0,"9","",0,"9",.0,"9",6.4,"",.0,"9",.0,"9",.0,"9",.0,"9",.0,"9",.0,"9",.0,"9",.0,"9",.0,"9",.0,"9",.0,"9",.0,"9",.0,"9",.0,"9",.0,"9",.0,"9",0,"",0,"","R",0,"9",0,"9",0,"8"
"353140205","SZCZECIN","2018","04","12",21.2,"",7.9,"",14.9,"",6.6,"",.0,"9","",0,"9",.0,"9",10.0,"",.0,"9",.0,"9",.0,"9",.0,"9",.0,"9",.0,"9",.0,"9",.0,"9",.0,"9",.0,"9",.0,"9",.0,"9",.0,"9",.0,"9",.0,"9",.0,"9",0,"",0,"","R",0,"9",0,"9",0,"8"
"353140205","SZCZECIN","2018","04","13",22.5,"",13.6,"",16.7,"",13.2,"",6.4,"","W",0,"9",.0,"9",8.6,"",1.4,"",.0,"9",.0,"9",.0,"9",.0,"9",.0,"9",.0,"9",.0,"9",.0,"9",.0,"9",.0,"9",.0,"9",.0,"9",.7,"",.0,"9",.0,"9",0,"",0,"","R",0,"9",0,"9",0,"8"
"353140205","SZCZECIN","2018","04","14",14.4,"",10.0,"",11.4,"",8.7,"",2.9,"","W",0,"9",.0,"9",.7,"",2.5,"",.0,"9",.0,"9",.0,"9",.0,"9",6.5,"",.0,"9",.0,"9",.0,"9",.0,"9",.0,"9",.0,"9",.0,"9",.0,"9",.0,"9",.0,"9",0,"",0,"","R",0,"9",0,"9",0,"8"
"353140205","SZCZECIN","2018","04","15",22.2,"",3.7,"",12.9,"",2.5,"",.0,"9","",0,"9",.0,"9",8.7,"",.0,"9",.0,"9",.0,"9",.0,"9",3.4,"",5.1,"",.0,"9",.0,"9",.0,"9",.0,"9",.0,"9",.0,"9",.0,"9",.0,"9",.0,"9",.0,"9",0,"",0,"","R",0,"9",0,"9",0,"8"
"353140205","SZCZECIN","2018","04","16",15.9,"",8.4,"",9.5,"",6.8,"",3.4,"","W",0,"9",.0,"9",.0,"9",9.3,"",.0,"9",.0,"9",.0,"9",.0,"9",20.5,"",.0,"9",.0,"9",.0,"9",.0,"9",.0,"9",.0,"9",.0,"9",.0,"9",.0,"9",.0,"9",0,"",0,"","R",0,"9",0,"9",0,"8"
"353140205","SZCZECIN","2018","04","17",17.7,"",6.6,"",11.7,"",3.7,"",.0,"9","",0,"9",.0,"9",10.2,"",.0,"9",.0,"9",.0,"9",.0,"9",.0,"9",8.5,"",.0,"9",.0,"9",.0,"9",.0,"9",.0,"9",.0,"9",.0,"9",.0,"9",4.0,"",.0,"9",0,"",0,"","R",0,"9",0,"9",0,"8"
"353140205","SZCZECIN","2018","04","18",22.6,"",3.0,"",13.6,"",1.2,"",.0,"9","",0,"9",.0,"9",12.6,"",.0,"9",.0,"9",.0,"9",.0,"9",.0,"9",1.5,"",.0,"9",.0,"9",.0,"9",.0,"9",.0,"9",.0,"9",.0,"9",.0,"9",4.2,"",.0,"9",0,"",0,"","R",0,"9",0,"9",0,"8"
"353140205","SZCZECIN","2018","04","19",21.5,"",8.7,"",15.2,"",5.3,"",.0,"9","",0,"9",.0,"9",12.4,"",.0,"9",.0,"9",.0,"9",.0,"9",.0,"9",6.5,"",.0,"9",.0,"9",.0,"9",.0,"9",.0,"9",.0,"9",.0,"9",.0,"9",4.7,"",.0,"9",0,"",0,"","R",0,"9",0,"9",0,"8"
"353140205","SZCZECIN","2018","04","20",26.6,"",7.3,"",18.8,"",4.7,"",.0,"9","",0,"9",.0,"9",13.0,"",.0,"9",.0,"9",.0,"9",.0,"9",.0,"9",.0,"9",.0,"9",.0,"9",.0,"9",.0,"9",.0,"9",.0,"9",.0,"9",.0,"9",2.5,"",.0,"9",0,"",0,"","R",0,"9",0,"9",0,"8"
"353140205","SZCZECIN","2018","04","21",23.0,"",9.3,"",14.1,"",5.4,"",.0,"9","",0,"9",.0,"9",12.2,"",.0,"9",.0,"9",.0,"9",.0,"9",.0,"9",5.0,"",.0,"9",.0,"9",.0,"9",.0,"9",2.7,"",.0,"9",.0,"9",.0,"9",9.0,"",.0,"9",0,"",0,"","R",0,"9",0,"9",0,"8"
"353140205","SZCZECIN","2018","04","22",20.9,"",2.6,"",13.0,"",.3,"",.0,"9","",0,"9",.0,"9",12.8,"",.0,"9",.0,"9",.0,"9",.0,"9",.0,"9",.0,"9",.0,"9",.0,"9",.0,"9",.0,"9",.0,"9",.0,"9",.0,"9",.0,"9",2.5,"",.0,"9",0,"",0,"","R",0,"9",0,"9",0,"8"
"353140205","SZCZECIN","2018","04","23",22.0,"",11.0,"",16.0,"",9.1,"",1.1,"","W",0,"9",.0,"9",5.0,"",.5,"",.0,"9",.0,"9",.0,"9",.0,"9",.0,"9",.0,"9",.0,"9",.0,"9",.0,"9",.0,"9",.0,"9",.0,"9",.3,"",.0,"9",.0,"9",0,"",0,"","R",0,"9",0,"9",0,"8"
"353140205","SZCZECIN","2018","04","24",15.8,"",8.2,"",12.2,"",5.4,"",.8,"","W",0,"9",.0,"9",2.0,"",.5,"",.0,"9",.0,"9",.0,"9",.0,"9",.0,"9",.0,"9",.0,"9",.0,"9",.0,"9",.0,"9",.0,"9",.0,"9",.0,"9",.0,"9",.0,"9",0,"",0,"","R",0,"9",0,"9",0,"8"
"353140205","SZCZECIN","2018","04","25",18.3,"",8.8,"",11.9,"",8.1,"",3.2,"","W",0,"9",.0,"9",4.0,"",5.1,"",.0,"9",.0,"9",.0,"9",.0,"9",5.0,"",.0,"9",.0,"9",.0,"9",.0,"9",.0,"9",.8,"",.0,"9",.0,"9",.0,"9",.0,"9",0,"",0,"","R",0,"9",0,"9",0,"8"
"353140205","SZCZECIN","2018","04","26",12.8,"",6.5,"",8.6,"",5.2,"",2.7,"","W",0,"9",.0,"9",6.3,"",2.1,"",.0,"9",.0,"9",.0,"9",.0,"9",.0,"9",.0,"9",.0,"9",.0,"9",.0,"9",.0,"9",.0,"9",.0,"9",.0,"9",.0,"9",.0,"9",0,"",0,"","R",0,"9",0,"9",0,"8"
"353140205","SZCZECIN","2018","04","27",15.8,"",5.1,"",10.4,"",4.5,"",.0,"9","",0,"9",.0,"9",8.0,"",.0,"9",.0,"9",.0,"9",.0,"9",.0,"9",.0,"9",.0,"9",.0,"9",.0,"9",.0,"9",.0,"9",.0,"9",.0,"9",.0,"9",.0,"9",.0,"9",0,"",0,"","R",0,"9",0,"9",0,"8"
"353140205","SZCZECIN","2018","04","28",22.1,"",7.8,"",14.5,"",6.7,"",.0,"9","",0,"9",.0,"9",12.0,"",.0,"9",.0,"9",.0,"9",.0,"9",.0,"9",.0,"9",.0,"9",.0,"9",.0,"9",.0,"9",.0,"9",.0,"9",.0,"9",.0,"9",3.0,"",.0,"9",0,"",0,"","R",0,"9",0,"9",0,"8"
"353140205","SZCZECIN","2018","04","29",22.1,"",11.0,"",16.3,"",8.2,"",.0,"9","",0,"9",.0,"9",11.2,"",.0,"9",.0,"9",.0,"9",.0,"9",.0,"9",.0,"9",.0,"9",.0,"9",.0,"9",.0,"9",.0,"9",.0,"9",.0,"9",.0,"9",9.0,"",.0,"9",0,"",0,"","R",0,"9",0,"9",0,"8"
"353140205","SZCZECIN","2018","04","30",25.7,"",12.2,"",17.1,"",10.4,"",.0,"9","",0,"9",.0,"9",11.2,"",.0,"9",.0,"9",.0,"9",.0,"9",.0,"9",.0,"9",.0,"9",.0,"9",.0,"9",.0,"9",.0,"9",.2,"",.0,"9",.0,"9",9.0,"",.0,"9",0,"",0,"","R",0,"9",0,"9",0,"8"
"353140205","SZCZECIN","2018","05","01",17.4,"",8.1,"",13.3,"",4.5,"",.0,"9","",0,"9",.0,"9",8.9,"",.0,"9",.0,"9",.0,"9",.0,"9",.0,"9",.0,"9",.0,"9",.0,"9",.0,"9",.0,"9",.0,"9",.8,"",.0,"9",.0,"9",8.0,"",.0,"9",0,"",0,"","R",0,"9",0,"9",0,"8"
"353140205","SZCZECIN","2018","05","02",16.1,"",1.8,"",11.2,"",-.7,"",.5,"","W",0,"9",.0,"9",6.6,"",.2,"",.0,"9",.0,"9",.0,"9",.0,"9",.0,"9",.0,"9",.0,"9",.0,"9",.0,"9",.0,"9",.0,"9",.0,"9",.0,"9",7.0,"",.0,"9",0,"",0,"","R",0,"9",0,"9",0,"8"
"353140205","SZCZECIN","2018","05","03",19.8,"",9.1,"",12.7,"",8.1,"",.0,"9","",0,"9",.0,"9",8.6,"",.7,"",.0,"9",.0,"9",.0,"9",.0,"9",3.5,"",.0,"9",.0,"9",.0,"9",.0,"9",.0,"9",.0,"9",.0,"9",.6,"",4.0,"",.0,"9",0,"",0,"","R",0,"9",0,"9",0,"8"
"353140205","SZCZECIN","2018","05","04",16.1,"",1.5,"",10.1,"",-.4,"",.0,"9","",0,"9",.0,"9",13.3,"",.0,"9",.0,"9",.0,"9",.0,"9",.0,"9",4.5,"",.0,"9",.0,"9",.0,"9",.0,"9",.0,"9",.0,"9",.0,"9",.0,"9",4.7,"",.0,"9",0,"",0,"","R",0,"9",0,"9",0,"8"
"353140205","SZCZECIN","2018","05","05",18.7,"",1.0,"",11.5,"",-1.3,"",.0,"9","",0,"9",.0,"9",13.6,"",.0,"9",.0,"9",.0,"9",.0,"9",1.8,"",1.2,"",.0,"9",.0,"9",.0,"9",.0,"9",.0,"9",.0,"9",.0,"9",.0,"9",3.5,"",.0,"9",0,"",0,"","R",0,"9",0,"9",0,"8"
"353140205","SZCZECIN","2018","05","06",21.2,"",3.1,"",13.8,"",2.1,"",.0,"9","",0,"9",.0,"9",14.2,"",.0,"9",.0,"9",.0,"9",.0,"9",.0,"9",.0,"9",.0,"9",.0,"9",.0,"9",.0,"9",.0,"9",.0,"9",.0,"9",.0,"9",9.0,"",.0,"9",0,"",0,"","R",0,"9",0,"9",0,"8"
"353140205","SZCZECIN","2018","05","07",23.8,"",5.1,"",15.8,"",2.9,"",.0,"9","",0,"9",.0,"9",14.2,"",.0,"9",.0,"9",.0,"9",.0,"9",.0,"9",.0,"9",.0,"9",.0,"9",.0,"9",.0,"9",.0,"9",.0,"9",.0,"9",.0,"9",5.5,"",.0,"9",0,"",0,"","R",0,"9",0,"9",0,"8"
"353140205","SZCZECIN","2018","05","08",25.2,"",10.5,"",18.0,"",7.1,"",.0,"9","",0,"9",.0,"9",14.1,"",.0,"9",.0,"9",.0,"9",.0,"9",.0,"9",.0,"9",.0,"9",.0,"9",.0,"9",.0,"9",.0,"9",.0,"9",.0,"9",.0,"9",9.0,"",.0,"9",0,"",0,"","R",0,"9",0,"9",0,"8"
"353140205","SZCZECIN","2018","05","09",26.7,"",8.6,"",19.7,"",6.6,"",.0,"9","",0,"9",.0,"9",14.1,"",.0,"9",.0,"9",.0,"9",.0,"9",.0,"9",.0,"9",.0,"9",.0,"9",.0,"9",.0,"9",.0,"9",.0,"9",.0,"9",.0,"9",13.0,"",.0,"9",0,"",0,"","R",0,"9",0,"9",0,"8"
"353140205","SZCZECIN","2018","05","10",26.8,"",12.0,"",20.1,"",9.9,"",.1,"","W",0,"9",.0,"9",8.5,"",.3,"",.0,"9",.0,"9",.0,"9",.0,"9",.0,"9",.0,"9",.0,"9",.0,"9",.0,"9",.0,"9",.0,"9",.0,"9",.7,"",6.0,"",.0,"9",0,"",0,"","R",0,"9",0,"9",0,"8"
"353140205","SZCZECIN","2018","05","11",21.1,"",14.2,"",15.2,"",15.0,"",.0,"9","",0,"9",.0,"9",.0,"9",.4,"",.0,"9",.0,"9",.0,"9",.0,"9",7.5,"",.0,"9",.0,"9",.0,"9",.0,"9",.0,"9",.0,"9",.0,"9",.0,"9",.0,"9",.0,"9",0,"",1,"","R",0,"9",0,"9",0,"8"
"353140205","SZCZECIN","2018","05","12",21.4,"",12.8,"",16.4,"",12.9,"",.0,"9","",0,"9",.0,"9",6.3,"",.0,"9",.0,"9",.0,"9",.0,"9",.0,"9",6.5,"",.0,"9",.0,"9",.0,"9",.0,"9",.0,"9",.0,"9",.0,"9",.0,"9",3.0,"",.0,"9",0,"",0,"","R",0,"9",0,"9",0,"8"
"353140205","SZCZECIN","2018","05","13",25.5,"",10.0,"",18.9,"",9.0,"",.0,"9","",0,"9",.0,"9",14.2,"",.0,"9",.0,"9",.0,"9",.0,"9",.0,"9",.0,"9",.0,"9",.0,"9",.0,"9",.0,"9",.0,"9",.0,"9",.0,"9",.0,"9",4.5,"",.0,"9",0,"",0,"","R",0,"9",0,"9",0,"8"
"353140205","SZCZECIN","2018","05","14",23.4,"",9.3,"",17.2,"",6.4,"",.0,"9","",0,"9",.0,"9",14.0,"",.0,"9",.0,"9",.0,"9",.0,"9",.0,"9",.0,"9",.0,"9",.0,"9",.0,"9",.0,"9",.0,"9",.0,"9",.0,"9",.0,"9",10.0,"",.0,"9",0,"",0,"","R",0,"9",0,"9",0,"8"
"353140205","SZCZECIN","2018","05","15",23.0,"",7.1,"",14.8,"",5.1,"",4.1,"","W",0,"9",.0,"9",6.9,"",1.6,"",.0,"9",.0,"9",.0,"9",.0,"9",2.5,"",.0,"9",.0,"9",.0,"9",.0,"9",.0,"9",.0,"9",.0,"9",.6,"",7.0,"",.0,"9",0,"",0,"","R",0,"9",0,"9",0,"8"
"353140205","SZCZECIN","2018","05","16",21.2,"",8.4,"",16.0,"",6.9,"",.0,"9","",0,"9",.0,"9",9.5,"",.0,"9",.0,"9",.0,"9",.0,"9",1.3,"",4.4,"",.0,"9",.0,"9",.0,"9",.0,"9",.0,"9",.0,"9",.0,"9",.0,"9",4.0,"",.0,"9",0,"",0,"","R",0,"9",0,"9",0,"8"
"353140205","SZCZECIN","2018","05","17",21.1,"",11.6,"",16.6,"",8.8,"",.3,"","W",0,"9",.0,"9",12.6,"",.0,"9",.0,"9",.0,"9",.0,"9",.0,"9",3.0,"",.0,"9",.0,"9",.0,"9",.0,"9",.0,"9",.0,"9",.0,"9",.0,"9",7.0,"",.0,"9",0,"",0,"","R",0,"9",0,"9",0,"8"
"353140205","SZCZECIN","2018","05","18",18.3,"",11.6,"",14.2,"",11.2,"",.0,"9","",0,"9",.0,"9",6.2,"",.3,"",.0,"9",.0,"9",.0,"9",.0,"9",5.0,"",.0,"9",.0,"9",.0,"9",.0,"9",.0,"9",.0,"9",.0,"9",.0,"9",.0,"9",.0,"9",0,"",0,"","R",0,"9",0,"9",0,"8"
"353140205","SZCZECIN","2018","05","19",19.9,"",4.4,"",13.6,"",3.4,"",.0,"9","",0,"9",.0,"9",14.1,"",.0,"9",.0,"9",.0,"9",.0,"9",.0,"9",.0,"9",.0,"9",.0,"9",.0,"9",.0,"9",.0,"9",.0,"9",.0,"9",.0,"9",4.0,"",.0,"9",0,"",0,"","R",0,"9",0,"9",0,"8"
"353140205","SZCZECIN","2018","05","20",21.2,"",2.7,"",13.8,"",1.2,"",.0,"9","",0,"9",.0,"9",14.7,"",.0,"9",.0,"9",.0,"9",.0,"9",.0,"9",.0,"9",.0,"9",.0,"9",.0,"9",.0,"9",.0,"9",.0,"9",.0,"9",.0,"9",11.0,"",.0,"9",0,"",0,"","R",0,"9",0,"9",0,"8"
"353140205","SZCZECIN","2018","05","21",23.5,"",7.2,"",16.6,"",3.4,"",.0,"9","",0,"9",.0,"9",14.4,"",.0,"9",.0,"9",.0,"9",.0,"9",.0,"9",.0,"9",.0,"9",.0,"9",.0,"9",.0,"9",.0,"9",.0,"9",.0,"9",.0,"9",10.0,"",.0,"9",0,"",0,"","R",0,"9",0,"9",0,"8"
"353140205","SZCZECIN","2018","05","22",22.5,"",7.1,"",15.2,"",4.8,"",.0,"9","",0,"9",.0,"9",8.3,"",.0,"9",.0,"9",.0,"9",.0,"9",.0,"9",.0,"9",.0,"9",.0,"9",.0,"9",.0,"9",.0,"9",.0,"9",.0,"9",.0,"9",4.0,"",.0,"9",0,"",0,"","R",0,"9",0,"9",0,"8"
"353140205","SZCZECIN","2018","05","23",23.7,"",6.2,"",17.2,"",4.1,"",.0,"9","",0,"9",.0,"9",14.8,"",.0,"9",.0,"9",.0,"9",.0,"9",.0,"9",.0,"9",.0,"9",.0,"9",.0,"9",.0,"9",.0,"9",.0,"9",.0,"9",.0,"9",3.0,"",.0,"9",0,"",0,"","R",0,"9",0,"9",0,"8"
"353140205","SZCZECIN","2018","05","24",25.1,"",6.9,"",17.9,"",4.7,"",.0,"9","",0,"9",.0,"9",12.1,"",.0,"9",.0,"9",.0,"9",.0,"9",.0,"9",.0,"9",.0,"9",.0,"9",.0,"9",.0,"9",.0,"9",.0,"9",.0,"9",.0,"9",9.0,"",.0,"9",0,"",0,"","R",0,"9",0,"9",0,"8"
"353140205","SZCZECIN","2018","05","25",24.1,"",10.7,"",17.9,"",7.3,"",.0,"9","",0,"9",.0,"9",14.3,"",.0,"9",.0,"9",.0,"9",.0,"9",.0,"9",.0,"9",.0,"9",.0,"9",.0,"9",.0,"9",.0,"9",.0,"9",.0,"9",.0,"9",7.0,"",.0,"9",0,"",0,"","R",0,"9",0,"9",0,"8"
"353140205","SZCZECIN","2018","05","26",23.6,"",9.4,"",17.3,"",7.3,"",.0,"9","",0,"9",.0,"9",8.5,"",.0,"9",.0,"9",.0,"9",.0,"9",.0,"9",.0,"9",.0,"9",.0,"9",.0,"9",.0,"9",.0,"9",.0,"9",.0,"9",.0,"9",4.5,"",.0,"9",0,"",0,"","R",0,"9",0,"9",0,"8"
"353140205","SZCZECIN","2018","05","27",27.5,"",11.1,"",18.3,"",8.9,"",12.2,"","W",0,"9",.0,"9",10.1,"",2.3,"",.0,"9",.0,"9",.0,"9",.0,"9",.0,"9",.0,"9",.0,"9",.0,"9",.0,"9",.0,"9",.0,"9",.0,"9",1.9,"",1.5,"",.0,"9",0,"",0,"","R",0,"9",0,"9",0,"8"
"353140205","SZCZECIN","2018","05","28",29.3,"",13.7,"",22.4,"",12.7,"",.0,"9","",0,"9",.0,"9",14.1,"",.0,"9",.0,"9",.0,"9",.0,"9",.0,"9",.0,"9",.0,"9",.0,"9",.0,"9",.0,"9",.0,"9",.0,"9",.0,"9",.0,"9",4.0,"",.0,"9",0,"",0,"","R",0,"9",0,"9",0,"8"
"353140205","SZCZECIN","2018","05","29",29.1,"",15.4,"",22.9,"",14.5,"",.0,"9","",0,"9",.0,"9",14.9,"",.0,"9",.0,"9",.0,"9",.0,"9",.0,"9",.0,"9",.0,"9",.0,"9",.0,"9",.0,"9",.0,"9",.0,"9",.0,"9",.0,"9",7.0,"",.0,"9",0,"",0,"","R",0,"9",0,"9",0,"8"
"353140205","SZCZECIN","2018","05","30",29.9,"",14.0,"",23.3,"",11.1,"",4.1,"","W",0,"9",.0,"9",12.3,"",.5,"",.0,"9",.0,"9",.0,"9",.0,"9",.0,"9",.0,"9",.0,"9",.0,"9",.0,"9",.0,"9",.0,"9",.0,"9",.2,"",6.0,"",.0,"9",0,"",0,"","R",0,"9",0,"9",0,"8"
"353140205","SZCZECIN","2018","05","31",30.0,"",15.9,"",23.5,"",13.8,"",1.2,"","W",0,"9",.0,"9",11.4,"",.4,"",.0,"9",.0,"9",.0,"9",.0,"9",.0,"9",.0,"9",.0,"9",.0,"9",.0,"9",.0,"9",.0,"9",.0,"9",.5,"",3.0,"",.0,"9",0,"",0,"","R",0,"9",0,"9",0,"8"
"353140205","SZCZECIN","2018","06","01",30.2,"",16.7,"",22.8,"",15.7,"",2.8,"","W",0,"9",.0,"9",10.9,"",.8,"",.0,"9",.0,"9",.0,"9",.0,"9",3.8,"",.0,"9",.0,"9",.0,"9",.0,"9",.0,"9",.0,"9",.0,"9",1.2,"",6.0,"",.0,"9",0,"",0,"","R",0,"9",0,"9",0,"8"
"353140205","SZCZECIN","2018","06","02",27.9,"",15.1,"",20.8,"",14.0,"",.6,"","W",0,"9",.0,"9",9.0,"",.7,"",.0,"9",.0,"9",.0,"9",.0,"9",3.8,"",.0,"9",.0,"9",.0,"9",.0,"9",.0,"9",.0,"9",.0,"9",2.2,"",.0,"9",.0,"9",0,"",0,"","R",0,"9",0,"9",0,"8"
"353140205","SZCZECIN","2018","06","03",26.6,"",14.6,"",20.8,"",11.6,"",.0,"9","",0,"9",.0,"9",10.3,"",.0,"9",.0,"9",.0,"9",.0,"9",.0,"9",7.5,"",.0,"9",.0,"9",.0,"9",.0,"9",.0,"9",.0,"9",.0,"9",.0,"9",4.0,"",.0,"9",0,"",0,"","R",0,"9",0,"9",0,"8"
"353140205","SZCZECIN","2018","06","04",24.7,"",15.5,"",20.1,"",12.3,"",.0,"9","",0,"9",.0,"9",11.4,"",.0,"9",.0,"9",.0,"9",.0,"9",.0,"9",6.0,"",.0,"9",.0,"9",.0,"9",.0,"9",.0,"9",.0,"9",.0,"9",.0,"9",7.0,"",.0,"9",0,"",0,"","R",0,"9",0,"9",0,"8"
"353140205","SZCZECIN","2018","06","05",23.9,"",14.9,"",17.7,"",13.4,"",.0,"9","",0,"9",.0,"9",8.0,"",.0,"9",.0,"9",.0,"9",.0,"9",.0,"9",6.3,"",.0,"9",.0,"9",.0,"9",.0,"9",.0,"9",.0,"9",.0,"9",.0,"9",.0,"9",.0,"9",0,"",0,"","R",0,"9",0,"9",0,"8"
"353140205","SZCZECIN","2018","06","06",22.1,"",7.7,"",15.5,"",4.1,"",.0,"9","",0,"9",.0,"9",15.2,"",.0,"9",.0,"9",.0,"9",.0,"9",.0,"9",.0,"9",.0,"9",.0,"9",.0,"9",.0,"9",.0,"9",.0,"9",.0,"9",.0,"9",6.0,"",.0,"9",0,"",0,"","R",0,"9",0,"9",0,"8"
"353140205","SZCZECIN","2018","06","07",25.0,"",9.7,"",18.0,"",5.6,"",.0,"9","",0,"9",.0,"9",15.2,"",.0,"9",.0,"9",.0,"9",.0,"9",.0,"9",.0,"9",.0,"9",.0,"9",.0,"9",.0,"9",.0,"9",.0,"9",.0,"9",.0,"9",3.0,"",.0,"9",0,"",0,"","R",0,"9",0,"9",0,"8"
"353140205","SZCZECIN","2018","06","08",28.6,"",10.5,"",20.9,"",7.4,"",.0,"9","",0,"9",.0,"9",14.6,"",.0,"9",.0,"9",.0,"9",.0,"9",.0,"9",.0,"9",.0,"9",.0,"9",.0,"9",.0,"9",.0,"9",.0,"9",.0,"9",.0,"9",6.0,"",.0,"9",0,"",0,"","R",0,"9",0,"9",0,"8"
"353140205","SZCZECIN","2018","06","09",30.6,"",12.9,"",22.8,"",10.4,"",.0,"9","",0,"9",.0,"9",14.6,"",.0,"9",.0,"9",.0,"9",.0,"9",.0,"9",.0,"9",.0,"9",.0,"9",.0,"9",.0,"9",.0,"9",.0,"9",.0,"9",.0,"9",.0,"9",.0,"9",0,"",0,"","R",0,"9",0,"9",0,"8"
"353140205","SZCZECIN","2018","06","10",30.2,"",14.7,"",22.0,"",10.9,"",2.0,"","W",0,"9",.0,"9",8.1,"",1.2,"",.0,"9",.0,"9",.0,"9",.0,"9",4.5,"",.0,"9",.0,"9",.0,"9",.0,"9",.0,"9",.0,"9",.0,"9",1.5,"",.0,"9",.0,"9",0,"",0,"","R",0,"9",0,"9",0,"8"
"353140205","SZCZECIN","2018","06","11",22.5,"",16.8,"",19.4,"",16.6,"",.0,"9","",0,"9",.0,"9",10.5,"",.0,"9",.0,"9",.0,"9",.0,"9",.0,"9",6.5,"",.0,"9",.0,"9",.0,"9",.0,"9",.0,"9",.0,"9",.0,"9",.0,"9",.0,"9",.0,"9",0,"",0,"","R",0,"9",0,"9",0,"8"
"353140205","SZCZECIN","2018","06","12",20.7,"",12.0,"",15.2,"",11.4,"",.0,"9","",0,"9",.0,"9",.4,"",.0,"9",.0,"9",.0,"9",.0,"9",.0,"9",.0,"9",.0,"9",.0,"9",.0,"9",.0,"9",.0,"9",.0,"9",.0,"9",.0,"9",.0,"9",.0,"9",0,"",0,"","R",0,"9",0,"9",0,"8"
"353140205","SZCZECIN","2018","06","13",18.8,"",13.3,"",15.4,"",12.4,"",.0,"9","",0,"9",.0,"9",1.2,"",.0,"9",.0,"9",.0,"9",.0,"9",.0,"9",.0,"9",.0,"9",.0,"9",.0,"9",.0,"9",.0,"9",.0,"9",.0,"9",.0,"9",6.0,"",.0,"9",0,"",0,"","R",0,"9",0,"9",0,"8"
"353140205","SZCZECIN","2018","06","14",21.2,"",12.1,"",15.9,"",10.8,"",.0,"9","",0,"9",.0,"9",5.7,"",.0,"9",.0,"9",.0,"9",.0,"9",.0,"9",.0,"9",.0,"9",.0,"9",.0,"9",.0,"9",.0,"9",.0,"9",.0,"9",.0,"9",10.0,"",.0,"9",0,"",0,"","R",0,"9",0,"9",0,"8"
"353140205","SZCZECIN","2018","06","15",21.7,"",10.3,"",17.6,"",6.8,"",.0,"9","",0,"9",.0,"9",2.8,"",.0,"9",.0,"9",.0,"9",.0,"9",.0,"9",.0,"9",.0,"9",.0,"9",.0,"9",.0,"9",.0,"9",.0,"9",.0,"9",.0,"9",7.0,"",.0,"9",0,"",0,"","R",0,"9",0,"9",0,"8"
"353140205","SZCZECIN","2018","06","16",26.5,"",15.0,"",21.0,"",14.9,"",.0,"9","",0,"9",.0,"9",6.5,"",.0,"9",.0,"9",.0,"9",.0,"9",.0,"9",.0,"9",.0,"9",.0,"9",.0,"9",.0,"9",.0,"9",.0,"9",.0,"9",.0,"9",.0,"9",.0,"9",0,"",0,"","R",0,"9",0,"9",0,"8"
"353140205","SZCZECIN","2018","06","17",27.2,"",17.9,"",22.3,"",14.9,"",.0,"9","",0,"9",.0,"9",4.9,"",.0,"9",.0,"9",.0,"9",.0,"9",.0,"9",.0,"9",.0,"9",.0,"9",.0,"9",.0,"9",.0,"9",.0,"9",.0,"9",.0,"9",.0,"9",.0,"9",0,"",0,"","R",0,"9",0,"9",0,"8"
"353140205","SZCZECIN","2018","06","18",23.6,"",12.3,"",19.3,"",11.9,"",.0,"","W",0,"9",.0,"9",3.8,"",.1,"",.0,"9",.0,"9",.0,"9",.0,"9",.0,"9",.0,"9",.0,"9",.0,"9",.0,"9",.0,"9",.0,"9",.0,"9",.0,"9",3.2,"",.0,"9",0,"",0,"","R",0,"9",0,"9",0,"8"
"353140205","SZCZECIN","2018","06","19",23.9,"",16.7,"",20.2,"",12.6,"",.0,"9","",0,"9",.0,"9",4.9,"",.0,"9",.0,"9",.0,"9",.0,"9",.0,"9",.0,"9",.0,"9",.0,"9",.0,"9",.0,"9",.0,"9",.0,"9",.0,"9",.0,"9",8.0,"",.0,"9",0,"",0,"","R",0,"9",0,"9",0,"8"
"353140205","SZCZECIN","2018","06","20",25.7,"",13.0,"",19.7,"",9.0,"",.0,"9","",0,"9",.0,"9",8.1,"",.0,"9",.0,"9",.0,"9",.0,"9",.0,"9",.0,"9",.0,"9",.0,"9",.0,"9",.0,"9",.0,"9",.0,"9",.0,"9",.0,"9",7.3,"",.0,"9",0,"",0,"","R",0,"9",0,"9",0,"8"
"353140205","SZCZECIN","2018","06","21",25.5,"",11.5,"",16.0,"",9.7,"",9.6,"","W",0,"9",.0,"9",6.9,"",1.9,"",.0,"9",.0,"9",.0,"9",.0,"9",.0,"9",.0,"9",.0,"9",.0,"9",.0,"9",.0,"9",.0,"9",.0,"9",.0,"9",.0,"9",.0,"9",0,"",0,"","R",0,"9",0,"9",0,"8"
"353140205","SZCZECIN","2018","06","22",18.3,"",8.6,"",13.0,"",8.2,"",.0,"","W",0,"9",.0,"9",6.5,"",1.3,"",.0,"9",.0,"9",.0,"9",.0,"9",.0,"9",.0,"9",.0,"9",.0,"9",.0,"9",.0,"9",.0,"9",.0,"9",.7,"",.0,"9",.0,"9",0,"",0,"","R",0,"9",0,"9",0,"8"
"353140205","SZCZECIN","2018","06","23",19.1,"",11.0,"",15.0,"",10.3,"",.0,"","W",0,"9",.0,"9",2.4,"",.4,"",.0,"9",.0,"9",.0,"9",.0,"9",.0,"9",.0,"9",.0,"9",.0,"9",.0,"9",.0,"9",.0,"9",.0,"9",.0,"9",.0,"9",.0,"9",0,"",0,"","R",0,"9",0,"9",0,"8"
"353140205","SZCZECIN","2018","06","24",19.1,"",10.7,"",14.8,"",9.7,"",.0,"9","",0,"9",.0,"9",3.1,"",.0,"9",.0,"9",.0,"9",.0,"9",.0,"9",.0,"9",.0,"9",.0,"9",.0,"9",.0,"9",.0,"9",.0,"9",.0,"9",.0,"9",4.0,"",.0,"9",0,"",0,"","R",0,"9",0,"9",0,"8"
"353140205","SZCZECIN","2018","06","25",22.9,"",10.3,"",16.7,"",7.9,"",.0,"9","",0,"9",.0,"9",9.8,"",.0,"9",.0,"9",.0,"9",.0,"9",.0,"9",4.0,"",.0,"9",.0,"9",.0,"9",.0,"9",.0,"9",.0,"9",.0,"9",.0,"9",9.0,"",.0,"9",0,"",0,"","R",0,"9",0,"9",0,"8"
"353140205","SZCZECIN","2018","06","26",23.4,"",13.2,"",17.5,"",10.0,"",.0,"9","",0,"9",.0,"9",8.4,"",.0,"9",.0,"9",.0,"9",.0,"9",.0,"9",1.9,"",.0,"9",.0,"9",.0,"9",.0,"9",.0,"9",.0,"9",.0,"9",.0,"9",10.0,"",.0,"9",0,"",0,"","R",0,"9",0,"9",0,"8"
"353140205","SZCZECIN","2018","06","27",24.3,"",11.6,"",18.6,"",9.2,"",.0,"9","",0,"9",.0,"9",10.9,"",.0,"9",.0,"9",.0,"9",.0,"9",.0,"9",.0,"9",.0,"9",.0,"9",.0,"9",.0,"9",.0,"9",.0,"9",.0,"9",.0,"9",10.0,"",.0,"9",0,"",0,"","R",0,"9",0,"9",0,"8"
"353140205","SZCZECIN","2018","06","28",27.0,"",13.0,"",20.8,"",11.1,"",.0,"9","",0,"9",.0,"9",14.8,"",.0,"9",.0,"9",.0,"9",.0,"9",.0,"9",.0,"9",.0,"9",.0,"9",.0,"9",.0,"9",.0,"9",.0,"9",.0,"9",.0,"9",9.0,"",.0,"9",0,"",0,"","R",0,"9",0,"9",0,"8"
"353140205","SZCZECIN","2018","06","29",24.6,"",12.5,"",18.8,"",9.0,"",.0,"9","",0,"9",.0,"9",14.5,"",.0,"9",.0,"9",.0,"9",.0,"9",.0,"9",.0,"9",.0,"9",.0,"9",.0,"9",.0,"9",.0,"9",.0,"9",.0,"9",.0,"9",3.5,"",.0,"9",0,"",0,"","R",0,"9",0,"9",0,"8"
"353140205","SZCZECIN","2018","06","30",20.3,"",8.6,"",15.7,"",5.8,"",.0,"","W",0,"9",.0,"9",10.2,"",.0,"9",.0,"9",.0,"9",.0,"9",.0,"9",.0,"9",.0,"9",.0,"9",.0,"9",.0,"9",.0,"9",.0,"9",.0,"9",.0,"9",7.0,"",.0,"9",0,"",0,"","R",0,"9",0,"9",0,"8"
"353140205","SZCZECIN","2018","07","01",19.4,"",5.2,"",14.8,"",2.9,"",.0,"9","",0,"9",.0,"9",11.6,"",.1,"",.0,"9",.0,"9",.0,"9",.0,"9",.0,"9",.0,"9",.0,"9",.0,"9",.0,"9",.0,"9",.0,"9",.0,"9",.0,"9",3.7,"",.0,"9",0,"",0,"","R",0,"9",0,"9",0,"8"
"353140205","SZCZECIN","2018","07","02",23.7,"",7.1,"",15.8,"",3.7,"",.0,"9","",0,"9",.0,"9",12.5,"",.0,"9",.0,"9",.0,"9",.0,"9",.0,"9",.0,"9",.0,"9",.0,"9",.0,"9",.0,"9",.0,"9",.0,"9",.0,"9",.0,"9",1.5,"",.0,"9",0,"",0,"","R",0,"9",0,"9",0,"8"
"353140205","SZCZECIN","2018","07","03",24.7,"",9.6,"",18.2,"",6.3,"",.0,"9","",0,"9",.0,"9",14.6,"",.0,"9",.0,"9",.0,"9",.0,"9",.0,"9",.0,"9",.0,"9",.0,"9",.0,"9",.0,"9",.0,"9",.0,"9",.0,"9",.0,"9",3.0,"",.0,"9",0,"",0,"","R",0,"9",0,"9",0,"8"
"353140205","SZCZECIN","2018","07","04",28.8,"",9.3,"",20.5,"",4.8,"",.0,"9","",0,"9",.0,"9",15.0,"",.0,"9",.0,"9",.0,"9",.0,"9",.0,"9",.0,"9",.0,"9",.0,"9",.0,"9",.0,"9",.0,"9",.0,"9",.0,"9",.0,"9",3.2,"",.0,"9",0,"",0,"","R",0,"9",0,"9",0,"8"
"353140205","SZCZECIN","2018","07","05",26.9,"",10.9,"",19.5,"",9.3,"",.0,"9","",0,"9",.0,"9",14.9,"",.0,"9",.0,"9",.0,"9",.0,"9",.0,"9",.0,"9",.0,"9",.0,"9",.0,"9",.0,"9",.0,"9",.0,"9",.0,"9",.0,"9",8.0,"",.0,"9",0,"",0,"","R",0,"9",0,"9",0,"8"
"353140205","SZCZECIN","2018","07","06",25.8,"",13.6,"",19.1,"",9.7,"",.0,"9","",0,"9",.0,"9",5.6,"",.0,"9",.0,"9",.0,"9",.0,"9",.0,"9",.0,"9",.0,"9",.0,"9",.0,"9",.0,"9",.0,"9",.0,"9",.0,"9",.0,"9",5.0,"",.0,"9",0,"",0,"","R",0,"9",0,"9",0,"8"
"353140205","SZCZECIN","2018","07","07",24.0,"",11.1,"",18.3,"",8.8,"",.0,"9","",0,"9",.0,"9",10.2,"",.0,"9",.0,"9",.0,"9",.0,"9",.0,"9",.0,"9",.0,"9",.0,"9",.0,"9",.0,"9",.0,"9",.0,"9",.0,"9",.0,"9",.0,"9",.0,"9",0,"",0,"","R",0,"9",0,"9",0,"8"
"353140205","SZCZECIN","2018","07","08",25.0,"",15.5,"",19.8,"",14.5,"",.0,"9","",0,"9",.0,"9",9.3,"",.0,"9",.0,"9",.0,"9",.0,"9",.0,"9",.5,"",.0,"9",.0,"9",.0,"9",.0,"9",.0,"9",.0,"9",.0,"9",.0,"9",2.3,"",.0,"9",0,"",0,"","R",0,"9",0,"9",0,"8"
"353140205","SZCZECIN","2018","07","09",23.0,"",13.6,"",18.6,"",11.6,"",.0,"9","",0,"9",.0,"9",8.1,"",.0,"9",.0,"9",.0,"9",.0,"9",.0,"9",.5,"",.0,"9",.0,"9",.0,"9",.0,"9",.0,"9",.0,"9",.0,"9",.0,"9",.0,"9",.0,"9",0,"",0,"","R",0,"9",0,"9",0,"8"
"353140205","SZCZECIN","2018","07","10",20.2,"",15.3,"",17.6,"",15.2,"",11.5,"","W",0,"9",.0,"9",1.6,"",2.1,"",.0,"9",.0,"9",.0,"9",.0,"9",.0,"9",.0,"9",.0,"9",.0,"9",.0,"9",.0,"9",.0,"9",.0,"9",.0,"9",.0,"9",.0,"9",0,"",0,"","R",0,"9",0,"9",0,"8"
"353140205","SZCZECIN","2018","07","11",19.8,"",15.5,"",17.2,"",15.6,"",53.9,"","W",0,"9",.0,"9",.1,"",12.5,"",.0,"9",.0,"9",.0,"9",.0,"9",4.2,"",.0,"9",.0,"9",.0,"9",.0,"9",.0,"9",.0,"9",.0,"9",.4,"",.0,"9",.0,"9",0,"",0,"","R",0,"9",0,"9",0,"8"
"353140205","SZCZECIN","2018","07","12",19.6,"",16.5,"",17.8,"",16.5,"",13.0,"","W",0,"9",.0,"9",.5,"",13.5,"",.0,"9",.0,"9",.0,"9",.0,"9",14.6,"",.0,"9",.0,"9",.0,"9",.0,"9",.0,"9",.0,"9",.0,"9",.0,"9",.0,"9",.0,"9",0,"",0,"","R",0,"9",0,"9",0,"8"
"353140205","SZCZECIN","2018","07","13",26.0,"",16.4,"",20.7,"",15.3,"",.0,"9","",0,"9",.0,"9",10.4,"",1.4,"",.0,"9",.0,"9",.0,"9",.3,"",4.7,"",.0,"9",.0,"9",.0,"9",.0,"9",.0,"9",.0,"9",.0,"9",.0,"9",.0,"9",.0,"9",0,"",0,"","R",0,"9",0,"9",0,"8"
"353140205","SZCZECIN","2018","07","14",23.9,"",15.6,"",18.9,"",14.8,"",.0,"9","",0,"9",.0,"9",9.1,"",.0,"9",.0,"9",.0,"9",.0,"9",.0,"9",.0,"9",.0,"9",.0,"9",.0,"9",.0,"9",.0,"9",.0,"9",.0,"9",.0,"9",5.0,"",.0,"9",0,"",0,"","R",0,"9",0,"9",0,"8"
"353140205","SZCZECIN","2018","07","15",23.2,"",11.6,"",18.0,"",9.4,"",.0,"9","",0,"9",.0,"9",14.1,"",.0,"9",.0,"9",.0,"9",.0,"9",.0,"9",.0,"9",.0,"9",.0,"9",.0,"9",.0,"9",.0,"9",.0,"9",.0,"9",.0,"9",3.3,"",.0,"9",0,"",0,"","R",0,"9",0,"9",0,"8"
"353140205","SZCZECIN","2018","07","16",26.7,"",11.0,"",20.4,"",9.7,"",.0,"","W",0,"9",.0,"9",13.2,"",.0,"9",.0,"9",.0,"9",.0,"9",2.3,"",2.2,"",.0,"9",.0,"9",.0,"9",.0,"9",.0,"9",.0,"9",.0,"9",.0,"9",.0,"9",.0,"9",0,"",0,"","R",0,"9",0,"9",0,"8"
"353140205","SZCZECIN","2018","07","17",23.5,"",18.7,"",20.6,"",15.3,"",6.7,"","W",0,"9",.0,"9",.7,"",3.7,"",.0,"9",.0,"9",.0,"9",.0,"9",.0,"9",.0,"9",.0,"9",.0,"9",.0,"9",.0,"9",.0,"9",.0,"9",.0,"9",.0,"9",.0,"9",0,"",0,"","R",0,"9",0,"9",0,"8"
"353140205","SZCZECIN","2018","07","18",22.6,"",19.0,"",20.5,"",18.7,"",3.8,"","W",0,"9",.0,"9",.0,"9",5.3,"",.0,"9",.0,"9",.0,"9",.0,"9",4.0,"",.0,"9",.0,"9",.0,"9",.0,"9",.0,"9",.0,"9",.0,"9",.0,"9",.0,"9",.0,"9",0,"",0,"","R",0,"9",0,"9",0,"8"
"353140205","SZCZECIN","2018","07","19",23.6,"",17.8,"",19.5,"",16.8,"",2.4,"","W",0,"9",.0,"9",5.2,"",5.7,"",.0,"9",.0,"9",.0,"9",.0,"9",6.5,"",.0,"9",.0,"9",.0,"9",.0,"9",.0,"9",.0,"9",.0,"9",.0,"9",3.0,"",.0,"9",0,"",0,"","R",0,"9",0,"9",0,"8"
"353140205","SZCZECIN","2018","07","20",25.3,"",12.6,"",18.8,"",9.1,"",.0,"9","",0,"9",.0,"9",13.7,"",.0,"9",.0,"9",.0,"9",.0,"9",.0,"9",.0,"9",.0,"9",.0,"9",.0,"9",.0,"9",.0,"9",.0,"9",.0,"9",.0,"9",10.0,"",.0,"9",0,"",0,"","R",0,"9",0,"9",0,"8"
"353140205","SZCZECIN","2018","07","21",24.0,"",10.6,"",18.5,"",8.1,"",.0,"9","",0,"9",.0,"9",13.4,"",.0,"9",.0,"9",.0,"9",.0,"9",.0,"9",1.5,"",.0,"9",.0,"9",.0,"9",.0,"9",.0,"9",.0,"9",.0,"9",.0,"9",3.5,"",.0,"9",0,"",0,"","R",0,"9",0,"9",0,"8"
"353140205","SZCZECIN","2018","07","22",26.4,"",11.0,"",19.5,"",10.1,"",.0,"9","",0,"9",.0,"9",10.5,"",.0,"9",.0,"9",.0,"9",.0,"9",.0,"9",1.5,"",.0,"9",.0,"9",.0,"9",.0,"9",.0,"9",.0,"9",.0,"9",.0,"9",3.7,"",.0,"9",0,"",0,"","R",0,"9",0,"9",0,"8"
"353140205","SZCZECIN","2018","07","23",26.8,"",14.6,"",21.1,"",13.2,"",.0,"9","",0,"9",.0,"9",13.4,"",.0,"9",.0,"9",.0,"9",.0,"9",.0,"9",.0,"9",.0,"9",.0,"9",.0,"9",.0,"9",.0,"9",.0,"9",.0,"9",.0,"9",5.0,"",.0,"9",0,"",0,"","R",0,"9",0,"9",0,"8"
"353140205","SZCZECIN","2018","07","24",28.0,"",14.4,"",22.0,"",12.9,"",.0,"9","",0,"9",.0,"9",12.5,"",.0,"9",.0,"9",.0,"9",.0,"9",.0,"9",.0,"9",.0,"9",.0,"9",.0,"9",.0,"9",.0,"9",.0,"9",.0,"9",.0,"9",4.0,"",.0,"9",0,"",0,"","R",0,"9",0,"9",0,"8"
"353140205","SZCZECIN","2018","07","25",29.1,"",14.9,"",23.4,"",12.8,"",.0,"9","",0,"9",.0,"9",14.6,"",.0,"9",.0,"9",.0,"9",.0,"9",.0,"9",4.2,"",.0,"9",.0,"9",.0,"9",.0,"9",.0,"9",.0,"9",.0,"9",.0,"9",3.5,"",.0,"9",0,"",0,"","R",0,"9",0,"9",0,"8"
"353140205","SZCZECIN","2018","07","26",29.5,"",14.7,"",23.0,"",13.1,"",.0,"9","",0,"9",.0,"9",14.6,"",.0,"9",.0,"9",.0,"9",.0,"9",.0,"9",.0,"9",.0,"9",.0,"9",.0,"9",.0,"9",.0,"9",.0,"9",.0,"9",.0,"9",6.0,"",.0,"9",0,"",0,"","R",0,"9",0,"9",0,"8"
"353140205","SZCZECIN","2018","07","27",30.4,"",18.1,"",24.4,"",18.1,"",.0,"9","",0,"9",.0,"9",10.1,"",.0,"9",.0,"9",.0,"9",.0,"9",.0,"9",.0,"9",.0,"9",.0,"9",.0,"9",.0,"9",.0,"9",.0,"9",.0,"9",.0,"9",10.0,"",.0,"9",0,"",0,"","R",0,"9",0,"9",0,"8"
"353140205","SZCZECIN","2018","07","28",30.5,"",17.8,"",25.0,"",15.8,"",1.4,"","W",0,"9",.0,"9",11.8,"",.7,"",.0,"9",.0,"9",.0,"9",.0,"9",.0,"9",.0,"9",.0,"9",.0,"9",.0,"9",.0,"9",.0,"9",.0,"9",2.2,"",6.0,"",.0,"9",0,"",0,"","R",0,"9",0,"9",0,"8"
"353140205","SZCZECIN","2018","07","29",28.6,"",18.3,"",21.2,"",17.8,"",.1,"","W",0,"9",.0,"9",6.5,"",.4,"",.0,"9",.0,"9",.0,"9",.0,"9",2.0,"",.0,"9",.0,"9",.0,"9",.0,"9",.0,"9",.0,"9",.0,"9",.0,"9",2.8,"",.0,"9",0,"",0,"","R",0,"9",0,"9",0,"8"
"353140205","SZCZECIN","2018","07","30",29.4,"",14.2,"",22.3,"",12.2,"",.0,"9","",0,"9",.0,"9",9.1,"",.0,"9",.0,"9",.0,"9",.0,"9",.0,"9",.0,"9",.0,"9",.0,"9",.0,"9",.0,"9",.0,"9",.0,"9",.0,"9",.0,"9",4.0,"",.0,"9",0,"",0,"","R",0,"9",0,"9",0,"8"
"353140205","SZCZECIN","2018","07","31",32.8,"",14.5,"",24.9,"",13.6,"",.0,"9","",0,"9",.0,"9",14.1,"",.0,"9",.0,"9",.0,"9",.0,"9",.0,"9",.0,"9",.0,"9",.0,"9",.0,"9",.0,"9",.0,"9",.0,"9",.0,"9",.0,"9",11.0,"",.0,"9",0,"",0,"","R",0,"9",0,"9",0,"8"
"353140205","SZCZECIN","2018","08","01",32.5,"",17.6,"",25.4,"",16.2,"",.0,"9","",0,"9",.0,"9",12.9,"",.0,"9",.0,"9",.0,"9",.0,"9",.0,"9",.0,"9",.0,"9",.0,"9",.0,"9",.0,"9",.0,"9",.0,"9",.0,"9",.0,"9",7.0,"",.0,"9",0,"",0,"","R",0,"9",0,"9",0,"8"
"353140205","SZCZECIN","2018","08","02",28.5,"",20.2,"",24.1,"",19.6,"",.0,"9","",0,"9",.0,"9",10.3,"",.0,"9",.0,"9",.0,"9",.0,"9",.0,"9",2.3,"",.0,"9",.0,"9",.0,"9",.0,"9",.0,"9",.0,"9",.0,"9",.0,"9",4.0,"",.0,"9",0,"",0,"","R",0,"9",0,"9",0,"8"
"353140205","SZCZECIN","2018","08","03",29.2,"",14.5,"",22.9,"",12.6,"",.0,"9","",0,"9",.0,"9",14.0,"",.0,"9",.0,"9",.0,"9",.0,"9",.0,"9",.0,"9",.0,"9",.0,"9",.0,"9",.0,"9",.0,"9",.0,"9",.0,"9",.0,"9",6.5,"",.0,"9",0,"",0,"","R",0,"9",0,"9",0,"8"
"353140205","SZCZECIN","2018","08","04",30.2,"",14.5,"",22.4,"",13.4,"",.0,"9","",0,"9",.0,"9",7.4,"",.0,"9",.0,"9",.0,"9",.0,"9",.0,"9",.0,"9",.0,"9",.0,"9",.0,"9",.0,"9",.0,"9",.0,"9",.0,"9",.3,"",1.8,"",.0,"9",0,"",0,"","R",0,"9",0,"9",0,"8"
"353140205","SZCZECIN","2018","08","05",24.3,"",18.3,"",21.0,"",15.5,"",.0,"9","",0,"9",.0,"9",7.1,"",.0,"9",.0,"9",.0,"9",.0,"9",.0,"9",.0,"9",.0,"9",.0,"9",.0,"9",.0,"9",.0,"9",.0,"9",.0,"9",.0,"9",4.0,"",.0,"9",0,"",0,"","R",0,"9",0,"9",0,"8"
"353140205","SZCZECIN","2018","08","06",27.5,"",15.9,"",20.6,"",13.5,"",.0,"9","",0,"9",.0,"9",11.6,"",.0,"9",.0,"9",.0,"9",.0,"9",.0,"9",.0,"9",.0,"9",.0,"9",.0,"9",.0,"9",.0,"9",.0,"9",.0,"9",.0,"9",11.0,"",.0,"9",0,"",0,"","R",0,"9",0,"9",0,"8"
"353140205","SZCZECIN","2018","08","07",33.3,"",13.3,"",24.6,"",9.5,"",.0,"9","",0,"9",.0,"9",14.0,"",.0,"9",.0,"9",.0,"9",.0,"9",.0,"9",.0,"9",.0,"9",.0,"9",.0,"9",.0,"9",.0,"9",.0,"9",.0,"9",.0,"9",7.0,"",.0,"9",0,"",0,"","R",0,"9",0,"9",0,"8"
"353140205","SZCZECIN","2018","08","08",36.0,"",20.0,"",27.0,"",18.5,"",6.0,"","W",0,"9",.0,"9",11.5,"",.7,"",.0,"9",.0,"9",.0,"9",.0,"9",.0,"9",.0,"9",.0,"9",.0,"9",.0,"9",.0,"9",.0,"9",.0,"9",1.3,"",.0,"9",.0,"9",0,"",0,"","R",0,"9",0,"9",0,"8"
"353140205","SZCZECIN","2018","08","09",32.7,"",19.6,"",25.9,"",17.3,"",.8,"","W",0,"9",.0,"9",12.9,"",.0,"9",.0,"9",.0,"9",.0,"9",.0,"9",1.0,"",.0,"9",.0,"9",.0,"9",.0,"9",.0,"9",.0,"9",.0,"9",.0,"9",.0,"9",.0,"9",0,"",0,"","R",0,"9",0,"9",0,"8"
"353140205","SZCZECIN","2018","08","10",28.7,"",19.6,"",19.9,"",19.1,"",.0,"9","",0,"9",.0,"9",4.2,"",.1,"",.0,"9",.0,"9",.0,"9",.0,"9",.0,"9",.0,"9",.0,"9",.0,"9",.0,"9",.0,"9",.0,"9",.0,"9",.0,"9",.0,"9",.0,"9",0,"",0,"","R",0,"9",0,"9",0,"8"
"353140205","SZCZECIN","2018","08","11",22.3,"",8.5,"",16.9,"",7.2,"",.0,"","W",0,"9",.0,"9",5.3,"",.0,"",.0,"9",.0,"9",.0,"9",.0,"9",.0,"9",.0,"9",.0,"9",.0,"9",.0,"9",.0,"9",.0,"9",.0,"9",.0,"9",2.0,"",.0,"9",0,"",0,"","R",0,"9",0,"9",0,"8"
"353140205","SZCZECIN","2018","08","12",24.5,"",11.9,"",17.6,"",11.0,"",.0,"9","",0,"9",.0,"9",11.4,"",.0,"9",.0,"9",.0,"9",.0,"9",.0,"9",.0,"9",.0,"9",.0,"9",.0,"9",.0,"9",.0,"9",.0,"9",.0,"9",.0,"9",9.0,"",.0,"9",0,"",0,"","R",0,"9",0,"9",0,"8"
"353140205","SZCZECIN","2018","08","13",30.9,"",11.2,"",21.5,"",10.4,"",.0,"","W",0,"9",.0,"9",9.8,"",.3,"",.0,"9",.0,"9",.0,"9",.0,"9",.0,"9",.0,"9",.0,"9",.0,"9",.0,"9",.0,"9",.0,"9",.0,"9",.0,"9",6.0,"",.0,"9",0,"",0,"","R",0,"9",0,"9",0,"8"
"353140205","SZCZECIN","2018","08","14",26.1,"",17.9,"",20.7,"",16.6,"",.0,"9","",0,"9",.0,"9",5.4,"",.0,"9",.0,"9",.0,"9",.0,"9",.0,"9",.0,"9",.0,"9",.0,"9",.0,"9",.0,"9",.0,"9",.0,"9",.0,"9",.0,"9",.0,"9",.0,"9",0,"",0,"","R",0,"9",0,"9",0,"8"
"353140205","SZCZECIN","2018","08","15",24.4,"",17.2,"",19.5,"",16.8,"",.0,"9","",0,"9",.0,"9",3.9,"",.0,"9",.0,"9",.0,"9",.0,"9",.0,"9",.0,"9",.0,"9",.0,"9",.0,"9",.0,"9",.0,"9",.0,"9",.0,"9",.0,"9",1.3,"",.0,"9",0,"",0,"","R",0,"9",0,"9",0,"8"
"353140205","SZCZECIN","2018","08","16",28.3,"",12.7,"",21.0,"",11.3,"",.0,"9","",0,"9",.0,"9",12.7,"",.0,"9",.0,"9",.0,"9",.0,"9",.0,"9",.0,"9",.0,"9",.0,"9",.0,"9",.0,"9",.0,"9",.0,"9",.0,"9",.0,"9",.0,"9",.0,"9",0,"",0,"","R",0,"9",0,"9",0,"8"
"353140205","SZCZECIN","2018","08","17",31.2,"",16.4,"",23.2,"",13.8,"",.0,"","W",0,"9",.0,"9",11.9,"",.2,"",.0,"9",.0,"9",.0,"9",.0,"9",.0,"9",.0,"9",.0,"9",.0,"9",.0,"9",.0,"9",.0,"9",.0,"9",.0,"9",.0,"9",.0,"9",0,"",0,"","R",0,"9",0,"9",0,"8"
"353140205","SZCZECIN","2018","08","18",26.5,"",16.4,"",20.4,"",15.9,"",.0,"9","",0,"9",.0,"9",10.9,"",.0,"9",.0,"9",.0,"9",.0,"9",.0,"9",.0,"9",.0,"9",.0,"9",.0,"9",.0,"9",.0,"9",.0,"9",.0,"9",.0,"9",.0,"9",.0,"9",0,"",0,"","R",0,"9",0,"9",0,"8"
"353140205","SZCZECIN","2018","08","19",27.8,"",12.0,"",20.2,"",10.3,"",.0,"9","",0,"9",.0,"9",12.6,"",.0,"9",.0,"9",.0,"9",.0,"9",.0,"9",.0,"9",.0,"9",.0,"9",.0,"9",.0,"9",.0,"9",.0,"9",.0,"9",.0,"9",3.5,"",.0,"9",0,"",0,"","R",0,"9",0,"9",0,"8"
"353140205","SZCZECIN","2018","08","20",24.0,"",12.9,"",19.5,"",11.3,"",.0,"","W",0,"9",.0,"9",3.2,"",.1,"",.0,"9",.0,"9",.0,"9",.0,"9",.0,"9",.0,"9",.0,"9",.0,"9",.0,"9",.0,"9",.0,"9",.0,"9",.0,"9",.0,"9",.0,"9",0,"",0,"","R",0,"9",0,"9",0,"8"
"353140205","SZCZECIN","2018","08","21",22.0,"",13.3,"",17.1,"",9.4,"",.0,"9","",0,"9",.0,"9",11.3,"",.0,"9",.0,"9",.0,"9",.0,"9",.0,"9",.0,"9",.0,"9",.0,"9",.0,"9",.0,"9",.0,"9",.0,"9",.0,"9",.0,"9",4.0,"",.0,"9",0,"",0,"","R",0,"9",0,"9",0,"8"
"353140205","SZCZECIN","2018","08","22",27.0,"",7.1,"",17.3,"",5.3,"",.0,"9","",0,"9",.0,"9",13.1,"",.0,"9",.0,"9",.0,"9",.0,"9",.0,"9",1.0,"",.0,"9",.0,"9",.0,"9",.0,"9",.0,"9",.0,"9",.0,"9",.0,"9",6.2,"",.0,"9",0,"",0,"","R",0,"9",0,"9",0,"8"
"353140205","SZCZECIN","2018","08","23",31.8,"",9.1,"",21.3,"",7.9,"",.9,"","W",0,"9",.0,"9",12.5,"",1.2,"",.0,"9",.0,"9",.0,"9",.0,"9",.0,"9",.0,"9",.0,"9",.0,"9",.0,"9",.0,"9",.0,"9",.0,"9",.8,"",3.3,"",.0,"9",0,"",0,"","R",0,"9",0,"9",0,"8"
"353140205","SZCZECIN","2018","08","24",26.1,"",16.4,"",19.5,"",14.5,"",.7,"","W",0,"9",.0,"9",3.9,"",.1,"",.0,"9",.0,"9",.0,"9",.0,"9",5.0,"",.0,"9",.0,"9",.0,"9",.0,"9",.0,"9",.0,"9",.0,"9",.0,"9",4.0,"",.0,"9",0,"",0,"","R",0,"9",0,"9",0,"8"
"353140205","SZCZECIN","2018","08","25",21.8,"",9.6,"",15.4,"",7.5,"",1.2,"","W",0,"9",.0,"9",4.3,"",1.1,"",.0,"9",.0,"9",.0,"9",.0,"9",.0,"9",.0,"9",.0,"9",.0,"9",.0,"9",.0,"9",.0,"9",.0,"9",.0,"9",7.0,"",.0,"9",0,"",0,"","R",0,"9",0,"9",0,"8"
"353140205","SZCZECIN","2018","08","26",20.2,"",9.6,"",13.8,"",8.9,"",.0,"9","",0,"9",.0,"9",8.9,"",.0,"9",.0,"9",.0,"9",.0,"9",.0,"9",.0,"9",.0,"9",.0,"9",.0,"9",.0,"9",.0,"9",.0,"9",.0,"9",.0,"9",.0,"9",.0,"9",0,"",0,"","R",0,"9",0,"9",0,"8"
"353140205","SZCZECIN","2018","08","27",22.4,"",6.7,"",16.1,"",4.1,"",1.5,"","W",0,"9",.0,"9",2.6,"",.9,"",.0,"9",.0,"9",.0,"9",.0,"9",.0,"9",.0,"9",.0,"9",.0,"9",.0,"9",.0,"9",.0,"9",.0,"9",.0,"9",.0,"9",.0,"9",0,"",0,"","R",0,"9",0,"9",0,"8"
"353140205","SZCZECIN","2018","08","28",20.9,"",13.2,"",16.1,"",11.8,"",.0,"9","",0,"9",.0,"9",3.3,"",.0,"9",.0,"9",.0,"9",.0,"9",.0,"9",.0,"9",.0,"9",.0,"9",.0,"9",.0,"9",.0,"9",.0,"9",.0,"9",.0,"9",3.5,"",.0,"9",0,"",0,"","R",0,"9",0,"9",0,"8"
"353140205","SZCZECIN","2018","08","29",25.4,"",6.8,"",16.8,"",4.7,"",.0,"9","",0,"9",.0,"9",11.4,"",.0,"9",.0,"9",.0,"9",.0,"9",1.6,"",.7,"",.0,"9",.0,"9",.0,"9",.0,"9",.0,"9",.0,"9",.0,"9",.0,"9",.0,"9",.0,"9",0,"",0,"","R",0,"9",0,"9",0,"8"
"353140205","SZCZECIN","2018","08","30",20.7,"",14.2,"",16.9,"",10.8,"",10.3,"","W",0,"9",.0,"9",2.0,"",2.5,"",.0,"9",.0,"9",.0,"9",.0,"9",6.8,"",.0,"9",.0,"9",.0,"9",.0,"9",.0,"9",.0,"9",.0,"9",.0,"9",.0,"9",.0,"9",0,"",0,"","R",0,"9",0,"9",0,"8"
"353140205","SZCZECIN","2018","08","31",20.6,"",14.8,"",16.5,"",14.3,"",.0,"9","",0,"9",.0,"9",2.9,"",3.3,"",.0,"9",.0,"9",.0,"9",.0,"9",5.3,"",.0,"9",.0,"9",.0,"9",.0,"9",.0,"9",.0,"9",.0,"9",.0,"9",.0,"9",.0,"9",0,"",0,"","R",0,"9",0,"9",0,"8"
"353140205","SZCZECIN","2018","09","01",20.9,"",11.0,"",16.1,"",8.2,"",.0,"9","",0,"9",.0,"9",7.4,"",.0,"9",.0,"9",.0,"9",.0,"9",.0,"9",.0,"9",.0,"9",.0,"9",.0,"9",.0,"9",.0,"9",.0,"9",.0,"9",.0,"9",2.8,"",.0,"9",0,"",0,"","R",0,"9",0,"9",0,"8"
"353140205","SZCZECIN","2018","09","02",24.7,"",8.2,"",17.2,"",7.7,"",.0,"9","",0,"9",.0,"9",6.4,"",.0,"9",.0,"9",.0,"9",.0,"9",5.3,"",1.6,"",.0,"9",.0,"9",.0,"9",.0,"9",.0,"9",.0,"9",.0,"9",.0,"9",.0,"9",.0,"9",0,"",0,"","R",0,"9",0,"9",0,"8"
"353140205","SZCZECIN","2018","09","03",26.1,"",15.5,"",20.2,"",13.8,"",.0,"9","",0,"9",.0,"9",10.3,"",.0,"9",.0,"9",.0,"9",.0,"9",.0,"9",.0,"9",.0,"9",.0,"9",.0,"9",.0,"9",.0,"9",.0,"9",.0,"9",.0,"9",3.0,"",.0,"9",0,"",0,"","R",0,"9",0,"9",0,"8"
"353140205","SZCZECIN","2018","09","04",23.3,"",13.9,"",17.9,"",12.4,"",.0,"9","",0,"9",.0,"9",7.5,"",.0,"9",.0,"9",.0,"9",.0,"9",1.1,"",3.2,"",.0,"9",.0,"9",.0,"9",.0,"9",.0,"9",.0,"9",.0,"9",.0,"9",10.3,"",.0,"9",0,"",0,"","R",0,"9",0,"9",0,"8"
"353140205","SZCZECIN","2018","09","05",23.5,"",14.7,"",18.3,"",15.1,"",.0,"","W",0,"9",.0,"9",7.6,"",.0,"9",.0,"9",.0,"9",.0,"9",.6,"",9.4,"",.0,"9",.0,"9",.0,"9",.0,"9",.0,"9",.0,"9",.0,"9",.0,"9",2.5,"",.0,"9",0,"",0,"","R",0,"9",0,"9",0,"8"
"353140205","SZCZECIN","2018","09","06",22.9,"",12.8,"",16.6,"",10.6,"",.0,"9","",0,"9",.0,"9",5.5,"",.0,"9",.0,"9",.0,"9",.0,"9",4.4,"",6.1,"",.0,"9",.0,"9",.0,"9",.0,"9",.0,"9",.0,"9",.0,"9",.0,"9",1.2,"",.0,"9",0,"",0,"","R",0,"9",0,"9",0,"8"
"353140205","SZCZECIN","2018","09","07",20.7,"",11.4,"",17.5,"",9.1,"",.0,"","W",0,"9",.0,"9",3.6,"",.1,"",.0,"9",.0,"9",.0,"9",.0,"9",2.8,"",.0,"9",.0,"9",.0,"9",.0,"9",.0,"9",.0,"9",.0,"9",.0,"9",.0,"9",.0,"9",0,"",0,"","R",0,"9",0,"9",0,"8"
"353140205","SZCZECIN","2018","09","08",21.3,"",9.8,"",15.5,"",6.9,"",.0,"9","",0,"9",.0,"9",10.4,"",.0,"",.0,"9",.0,"9",.0,"9",.0,"9",.0,"9",.0,"9",.0,"9",.0,"9",.0,"9",.0,"9",.0,"9",.0,"9",.0,"9",.0,"9",.0,"9",0,"",0,"","R",0,"9",0,"9",0,"8"
"353140205","SZCZECIN","2018","09","09",24.5,"",9.3,"",15.8,"",6.3,"",.0,"9","",0,"9",.0,"9",8.7,"",.0,"9",.0,"9",.0,"9",.0,"9",.0,"9",.0,"9",.0,"9",.0,"9",.0,"9",.0,"9",.0,"9",.0,"9",.0,"9",.0,"9",2.2,"",.0,"9",0,"",0,"","R",0,"9",0,"9",0,"8"
"353140205","SZCZECIN","2018","09","10",25.2,"",7.1,"",16.4,"",5.6,"",.2,"","W",0,"9",.0,"9",4.9,"",2.1,"",.0,"9",.0,"9",.0,"9",.0,"9",1.0,"",.0,"9",.0,"9",.0,"9",.0,"9",.0,"9",.0,"9",.0,"9",.0,"9",.0,"9",.0,"9",0,"",0,"","R",0,"9",0,"9",0,"8"
"353140205","SZCZECIN","2018","09","11",24.9,"",14.8,"",19.3,"",13.0,"",.2,"","W",0,"9",.0,"9",2.4,"",1.8,"",.0,"9",.0,"9",.0,"9",.0,"9",.0,"9",.0,"9",.0,"9",.0,"9",.0,"9",.0,"9",.0,"9",.0,"9",.0,"9",.0,"9",.0,"9",0,"",0,"","R",0,"9",0,"9",0,"8"
"353140205","SZCZECIN","2018","09","12",25.1,"",15.9,"",18.2,"",13.7,"",.0,"","W",0,"9",.0,"9",5.1,"",.0,"9",.0,"9",.0,"9",.0,"9",.0,"9",.0,"9",.0,"9",.0,"9",.0,"9",.0,"9",.0,"9",.0,"9",.0,"9",.0,"9",.0,"9",.0,"9",0,"",0,"","R",0,"9",0,"9",0,"8"
"353140205","SZCZECIN","2018","09","13",16.8,"",13.1,"",14.4,"",12.6,"",.4,"","W",0,"9",.0,"9",.1,"",3.3,"",.0,"9",.0,"9",.0,"9",.0,"9",.0,"9",.0,"9",.0,"9",.0,"9",.0,"9",.0,"9",.0,"9",.0,"9",.0,"9",.0,"9",.0,"9",0,"",0,"","R",0,"9",0,"9",0,"8"
"353140205","SZCZECIN","2018","09","14",21.4,"",12.2,"",15.9,"",11.2,"",.0,"9","",0,"9",.0,"9",5.8,"",.0,"9",.0,"9",.0,"9",.0,"9",.0,"9",.0,"9",.0,"9",.0,"9",.0,"9",.0,"9",.0,"9",.0,"9",.0,"9",.0,"9",.0,"9",.0,"9",0,"",0,"","R",0,"9",0,"9",0,"8"
"353140205","SZCZECIN","2018","09","15",19.9,"",12.6,"",15.5,"",12.0,"",.2,"","W",0,"9",.0,"9",5.9,"",1.0,"",.0,"9",.0,"9",.0,"9",.0,"9",.0,"9",.0,"9",.0,"9",.0,"9",.0,"9",.0,"9",.0,"9",.0,"9",.0,"9",.0,"9",.0,"9",0,"",0,"","R",0,"9",0,"9",0,"8"
"353140205","SZCZECIN","2018","09","16",20.5,"",9.4,"",14.3,"",6.2,"",.0,"9","",0,"9",.0,"9",9.9,"",.0,"9",.0,"9",.0,"9",.0,"9",.0,"9",.0,"9",.0,"9",.0,"9",.0,"9",.0,"9",.0,"9",.0,"9",.0,"9",.0,"9",.0,"9",.0,"9",0,"",0,"","R",0,"9",0,"9",0,"8"
"353140205","SZCZECIN","2018","09","17",25.0,"",9.6,"",16.2,"",5.8,"",.0,"9","",0,"9",.0,"9",10.8,"",.0,"9",.0,"9",.0,"9",.0,"9",.0,"9",.0,"9",.0,"9",.0,"9",.0,"9",.0,"9",.0,"9",.0,"9",.0,"9",.0,"9",.0,"9",.0,"9",0,"",0,"","R",0,"9",0,"9",0,"8"
"353140205","SZCZECIN","2018","09","18",28.8,"",7.3,"",18.5,"",5.5,"",.0,"9","",0,"9",.0,"9",10.8,"",.0,"9",.0,"9",.0,"9",.0,"9",.0,"9",.0,"9",.0,"9",.0,"9",.0,"9",.0,"9",.0,"9",.0,"9",.0,"9",.0,"9",.0,"9",.0,"9",0,"",0,"","R",0,"9",0,"9",0,"8"
"353140205","SZCZECIN","2018","09","19",26.6,"",13.4,"",20.4,"",8.7,"",.0,"9","",0,"9",.0,"9",11.3,"",.0,"9",.0,"9",.0,"9",.0,"9",.0,"9",.0,"9",.0,"9",.0,"9",.0,"9",.0,"9",.0,"9",.0,"9",.0,"9",.0,"9",6.0,"",.0,"9",0,"",0,"","R",0,"9",0,"9",0,"8"
"353140205","SZCZECIN","2018","09","20",26.4,"",15.4,"",19.8,"",11.3,"",.0,"9","",0,"9",.0,"9",9.5,"",.0,"9",.0,"9",.0,"9",.0,"9",.0,"9",.0,"9",.0,"9",.0,"9",.0,"9",.0,"9",.0,"9",.0,"9",.0,"9",.0,"9",6.5,"",.0,"9",0,"",0,"","R",0,"9",0,"9",0,"8"
"353140205","SZCZECIN","2018","09","21",29.8,"",10.2,"",18.8,"",8.2,"",4.1,"","W",0,"9",.0,"9",6.9,"",3.3,"",.0,"9",.0,"9",.0,"9",.0,"9",2.0,"",.0,"9",.0,"9",.0,"9",.0,"9",.0,"9",.5,"",.0,"9",.0,"9",.0,"9",.0,"9",0,"",0,"","R",0,"9",0,"9",0,"8"
"353140205","SZCZECIN","2018","09","22",17.6,"",9.1,"",12.2,"",8.3,"",.0,"","W",0,"9",.0,"9",4.5,"",.1,"",.0,"9",.0,"9",.0,"9",.0,"9",.0,"9",.0,"9",.0,"9",.0,"9",.0,"9",.0,"9",.0,"9",.0,"9",.0,"9",.0,"9",.0,"9",0,"",0,"","R",0,"9",0,"9",0,"8"
"353140205","SZCZECIN","2018","09","23",14.9,"",7.9,"",10.7,"",6.9,"",6.1,"","W",0,"9",.0,"9",5.0,"",4.3,"",.0,"9",.0,"9",.0,"9",.0,"9",.7,"",.0,"9",.0,"9",.0,"9",.0,"9",.0,"9",.0,"9",.0,"9",.0,"9",6.0,"",.0,"9",0,"",0,"","R",0,"9",0,"9",0,"8"
"353140205","SZCZECIN","2018","09","24",13.6,"",7.6,"",9.5,"",6.8,"",4.2,"","S",0,"9",.0,"9",6.3,"",1.8,"",.0,"",.0,"9",.0,"9",.0,"9",.0,"9",.0,"9",.0,"9",.0,"9",.0,"9",.0,"9",.2,"",.0,"9",.0,"9",.0,"9",.0,"9",0,"",1,"","R",0,"9",0,"9",0,"8"
"353140205","SZCZECIN","2018","09","25",14.1,"",4.5,"",8.1,"",2.8,"",.9,"","W",0,"9",.0,"9",7.3,"",.3,"",.0,"9",.0,"9",.0,"9",.0,"9",.0,"9",.0,"9",.0,"9",.0,"9",.0,"9",.0,"9",.0,"9",.0,"9",.0,"9",.0,"9",.0,"9",0,"",0,"","R",0,"9",0,"9",0,"8"
"353140205","SZCZECIN","2018","09","26",15.5,"",4.0,"",11.3,"",.9,"",.0,"9","",0,"9",.0,"9",1.3,"",.0,"9",.0,"9",.0,"9",.0,"9",.0,"9",.0,"9",.0,"9",.0,"9",.0,"9",.0,"9",.0,"9",.0,"9",.0,"9",.0,"9",.0,"9",.0,"9",0,"",0,"","R",0,"9",0,"9",0,"8"
"353140205","SZCZECIN","2018","09","27",20.7,"",14.0,"",16.8,"",13.8,"",.0,"9","",0,"9",.0,"9",4.7,"",.0,"9",.0,"9",.0,"9",.0,"9",.0,"9",.0,"9",.0,"9",.0,"9",.0,"9",.0,"9",.0,"9",.0,"9",.0,"9",.0,"9",.0,"9",.0,"9",0,"",0,"","R",0,"9",0,"9",0,"8"
"353140205","SZCZECIN","2018","09","28",18.2,"",10.7,"",12.7,"",9.0,"",.0,"9","",0,"9",.0,"9",5.4,"",.0,"9",.0,"9",.0,"9",.0,"9",.0,"9",.0,"9",.0,"9",.0,"9",.0,"9",.0,"9",.0,"9",.0,"9",.0,"9",.0,"9",4.0,"",.0,"9",0,"",0,"","R",0,"9",0,"9",0,"8"
"353140205","SZCZECIN","2018","09","29",15.2,"",2.8,"",9.2,"",1.0,"",.0,"9","",0,"9",.0,"9",8.2,"",.0,"9",.0,"9",.0,"9",.0,"9",.0,"9",.0,"9",.0,"9",.0,"9",.0,"9",.0,"9",.0,"9",.0,"9",.0,"9",.0,"9",8.0,"",.0,"9",0,"",0,"","R",0,"9",0,"9",0,"8"
"353140205","SZCZECIN","2018","09","30",17.5,"",5.3,"",9.4,"",1.6,"",.0,"9","",0,"9",.0,"9",10.5,"",.0,"9",.0,"9",.0,"9",.0,"9",.0,"9",.5,"",.0,"9",.0,"9",.0,"9",.0,"9",.0,"9",.0,"9",.0,"9",.0,"9",1.5,"",.0,"9",0,"",0,"","R",0,"9",0,"9",0,"8"
"353140205","SZCZECIN","2018","10","01",14.5,"",.3,"",7.8,"",-1.4,"",.0,"9","",0,"9",.0,"9",4.2,"",.0,"9",.0,"9",.0,"9",.0,"9",.0,"9",3.5,"",.0,"9",.0,"9",.0,"9",.0,"9",.0,"9",.0,"9",.0,"9",.0,"9",.0,"9",.0,"9",0,"",0,"","R",0,"9",0,"9",0,"8"
"353140205","SZCZECIN","2018","10","02",11.0,"",4.6,"",7.6,"",3.9,"",1.2,"","W",0,"9",.0,"9",1.9,"",4.6,"",.0,"9",.0,"9",.0,"9",.0,"9",1.5,"",.0,"9",.0,"9",.0,"9",.0,"9",.0,"9",.0,"9",.0,"9",.0,"9",.0,"9",.0,"9",0,"",0,"","R",0,"9",0,"9",0,"8"
"353140205","SZCZECIN","2018","10","03",13.7,"",8.3,"",10.0,"",7.3,"",.5,"","W",0,"9",.0,"9",5.4,"",.9,"",.0,"9",.0,"9",.0,"9",.0,"9",.0,"9",.0,"9",.0,"9",.0,"9",.0,"9",.0,"9",.0,"9",.0,"9",.0,"9",.0,"9",.0,"9",0,"",0,"","R",0,"9",0,"9",0,"8"
"353140205","SZCZECIN","2018","10","04",13.9,"",5.8,"",10.5,"",3.8,"",.0,"","W",0,"9",.0,"9",1.6,"",.6,"",.0,"9",.0,"9",.0,"9",.0,"9",.0,"9",.0,"9",.0,"9",.0,"9",.0,"9",.0,"9",.0,"9",.0,"9",.0,"9",.0,"9",.0,"9",0,"",0,"","R",0,"9",0,"9",0,"8"
"353140205","SZCZECIN","2018","10","05",20.2,"",8.9,"",13.8,"",6.4,"",.0,"9","",0,"9",.0,"9",6.5,"",.0,"9",.0,"9",.0,"9",.0,"9",.0,"9",.0,"9",.0,"9",.0,"9",.0,"9",.0,"9",.0,"9",.0,"9",.0,"9",.0,"9",.0,"9",.0,"9",0,"",0,"","R",0,"9",0,"9",0,"8"
"353140205","SZCZECIN","2018","10","06",20.7,"",7.4,"",13.5,"",3.0,"",.0,"9","",0,"9",.0,"9",10.3,"",.0,"9",.0,"9",.0,"9",.0,"9",.0,"9",5.5,"",.0,"9",.0,"9",.0,"9",.0,"9",.0,"9",.0,"9",.0,"9",.0,"9",.0,"9",.0,"9",0,"",0,"","R",0,"9",0,"9",0,"8"
"353140205","SZCZECIN","2018","10","07",13.1,"",7.3,"",9.7,"",2.6,"",.0,"","W",0,"9",.0,"9",.3,"",.3,"",.0,"9",.0,"9",.0,"9",.0,"9",3.7,"",.0,"9",.0,"9",.0,"9",.0,"9",.0,"9",.0,"9",.0,"9",.0,"9",.0,"9",.0,"9",0,"",0,"","R",0,"9",0,"9",0,"8"
"353140205","SZCZECIN","2018","10","08",14.3,"",-1.7,"",6.2,"",-3.1,"",.0,"9","",0,"9",.0,"9",9.9,"",.0,"9",.0,"9",.0,"9",.0,"9",4.0,"",5.9,"",.0,"9",.0,"9",.0,"9",.0,"9",.0,"9",.0,"9",.0,"9",.0,"9",.0,"9",.0,"9",0,"",0,"","R",0,"9",0,"9",0,"8"
"353140205","SZCZECIN","2018","10","09",17.4,"",1.8,"",9.1,"",-.2,"",.0,"9","",0,"9",.0,"9",5.7,"",.0,"9",.0,"9",.0,"9",.0,"9",3.0,"",4.8,"",.0,"9",.0,"9",.0,"9",.0,"9",.0,"9",.0,"9",.0,"9",.0,"9",.0,"9",.0,"9",0,"",0,"","R",0,"9",0,"9",0,"8"
"353140205","SZCZECIN","2018","10","10",22.1,"",3.3,"",12.0,"",1.2,"",.0,"9","",0,"9",.0,"9",9.0,"",.0,"9",.0,"9",.0,"9",.0,"9",5.5,"",9.0,"",.0,"9",.0,"9",.0,"9",.0,"9",.0,"9",.0,"9",.0,"9",.0,"9",.0,"9",.0,"9",0,"",0,"","R",0,"9",0,"9",0,"8"
"353140205","SZCZECIN","2018","10","11",23.7,"",10.5,"",16.1,"",5.7,"",.0,"9","",0,"9",.0,"9",10.1,"",.0,"9",.0,"9",.0,"9",.0,"9",.0,"9",8.5,"",.0,"9",.0,"9",.0,"9",.0,"9",.0,"9",.0,"9",.0,"9",.0,"9",.0,"9",.0,"9",0,"",0,"","R",0,"9",0,"9",0,"8"
"353140205","SZCZECIN","2018","10","12",23.8,"",11.1,"",15.8,"",7.7,"",.0,"9","",0,"9",.0,"9",10.1,"",.0,"9",.0,"9",.0,"9",.0,"9",.0,"9",4.8,"",.0,"9",.0,"9",.0,"9",.0,"9",.0,"9",.0,"9",.0,"9",.0,"9",.0,"9",.0,"9",0,"",0,"","R",0,"9",0,"9",0,"8"
"353140205","SZCZECIN","2018","10","13",24.6,"",4.9,"",14.2,"",2.5,"",.0,"9","",0,"9",.0,"9",10.1,"",.0,"9",.0,"9",.0,"9",.0,"9",3.0,"",6.3,"",.0,"9",.0,"9",.0,"9",.0,"9",.0,"9",.0,"9",.0,"9",.0,"9",.0,"9",.0,"9",0,"",0,"","R",0,"9",0,"9",0,"8"
"353140205","SZCZECIN","2018","10","14",24.2,"",9.5,"",16.4,"",5.1,"",.0,"9","",0,"9",.0,"9",9.9,"",.0,"9",.0,"9",.0,"9",.0,"9",.0,"9",.0,"9",.0,"9",.0,"9",.0,"9",.0,"9",.0,"9",.0,"9",.0,"9",.0,"9",.0,"9",.0,"9",0,"",0,"","R",0,"9",0,"9",0,"8"
"353140205","SZCZECIN","2018","10","15",22.6,"",9.4,"",14.9,"",4.5,"",.0,"9","",0,"9",.0,"9",9.5,"",.0,"9",.0,"9",.0,"9",.0,"9",.0,"9",.5,"",.0,"9",.0,"9",.0,"9",.0,"9",.0,"9",.0,"9",.0,"9",.0,"9",.0,"9",.0,"9",0,"",0,"","R",0,"9",0,"9",0,"8"
"353140205","SZCZECIN","2018","10","16",20.4,"",3.3,"",10.8,"",1.2,"",.0,"9","",0,"9",.0,"9",9.1,"",.0,"9",.0,"9",.0,"9",.0,"9",.0,"9",12.2,"",.0,"9",.0,"9",.0,"9",.0,"9",.0,"9",.0,"9",.0,"9",.0,"9",.0,"9",.0,"9",0,"",0,"","R",0,"9",0,"9",0,"8"
"353140205","SZCZECIN","2018","10","17",20.6,"",1.9,"",9.5,"",.0,"",.0,"9","",0,"9",.0,"9",9.3,"",.0,"9",.0,"9",.0,"9",.0,"9",1.7,"",11.3,"",.0,"9",.0,"9",.0,"9",.0,"9",.0,"9",.0,"9",.0,"9",.0,"9",.0,"9",.0,"9",0,"",0,"","R",0,"9",0,"9",0,"8"
"353140205","SZCZECIN","2018","10","18",17.0,"",2.5,"",10.3,"",.5,"",.0,"9","",0,"9",.0,"9",7.4,"",.0,"9",.0,"9",.0,"9",.0,"9",6.0,"",10.3,"",.0,"9",.0,"9",.0,"9",.0,"9",2.0,"",.0,"9",.0,"9",.0,"9",.0,"9",.0,"9",0,"",0,"","R",0,"9",0,"9",0,"8"
"353140205","SZCZECIN","2018","10","19",13.4,"",5.9,"",8.8,"",1.2,"",.0,"9","",0,"9",.0,"9",5.8,"",.0,"9",.0,"9",.0,"9",.0,"9",1.5,"",13.1,"",.0,"9",.0,"9",.0,"9",.0,"9",.0,"9",.0,"9",.0,"9",.0,"9",.0,"9",.0,"9",0,"",0,"","R",0,"9",0,"9",0,"8"
"353140205","SZCZECIN","2018","10","20",13.1,"",1.7,"",8.2,"",-1.7,"",.1,"","W",0,"9",.0,"9",.6,"",.6,"",.0,"9",.0,"9",.0,"9",.0,"9",6.5,"",.0,"9",.0,"9",.0,"9",.0,"9",.0,"9",.0,"9",.0,"9",.0,"9",.0,"9",.0,"9",0,"",0,"","R",0,"9",0,"9",0,"8"
"353140205","SZCZECIN","2018","10","21",14.8,"",2.8,"",7.9,"",-.8,"",.0,"9","",0,"9",.0,"9",8.8,"",.0,"9",.0,"9",.0,"9",.0,"9",4.2,"",4.8,"",.0,"9",.0,"9",.0,"9",.0,"9",.0,"9",.0,"9",.0,"9",.0,"9",.0,"9",.0,"9",0,"",0,"","R",0,"9",0,"9",0,"8"
"353140205","SZCZECIN","2018","10","22",12.5,"",4.7,"",8.3,"",-.1,"",2.9,"","W",0,"9",.0,"9",2.1,"",3.8,"",.0,"9",.0,"9",.0,"9",.0,"9",4.3,"",.0,"9",.0,"9",.0,"9",.0,"9",.0,"9",.0,"9",.0,"9",.0,"9",.0,"9",.0,"9",0,"",0,"","R",0,"9",0,"9",0,"8"
"353140205","SZCZECIN","2018","10","23",11.9,"",4.2,"",8.8,"",-.6,"",13.2,"","W",0,"9",.0,"9",.0,"9",8.6,"",.0,"9",.0,"9",.0,"9",.0,"9",5.0,"",.0,"9",.0,"9",.0,"9",.0,"9",.0,"9",1.2,"",.0,"9",.0,"9",.0,"9",.0,"9",0,"",0,"","R",0,"9",0,"9",0,"8"
"353140205","SZCZECIN","2018","10","24",11.8,"",5.0,"",7.6,"",-.5,"",1.0,"","W",0,"9",.0,"9",6.3,"",1.5,"",.0,"9",.0,"9",.0,"9",.0,"9",.0,"9",.0,"9",.0,"9",.0,"9",.0,"9",.0,"9",.0,"9",.0,"9",.0,"9",.0,"9",.0,"9",0,"",0,"","R",0,"9",0,"9",0,"8"
"353140205","SZCZECIN","2018","10","25",11.8,"",4.4,"",10.1,"",-.8,"",.8,"","W",0,"9",.0,"9",.1,"",3.2,"",.0,"9",.0,"9",.0,"9",.0,"9",2.9,"",.0,"9",.0,"9",.0,"9",.0,"9",.0,"9",.0,"9",.0,"9",.0,"9",.0,"9",.0,"9",0,"",0,"","R",0,"9",0,"9",0,"8"
"353140205","SZCZECIN","2018","10","26",11.9,"",7.6,"",9.5,"",5.5,"",.3,"","W",0,"9",.0,"9",.5,"",.8,"",.0,"9",.0,"9",.0,"9",.0,"9",.0,"9",.0,"9",.0,"9",.0,"9",.0,"9",.0,"9",.0,"9",.0,"9",.0,"9",.0,"9",.0,"9",0,"",0,"","R",0,"9",0,"9",0,"8"
"353140205","SZCZECIN","2018","10","27",10.7,"",4.9,"",7.4,"",4.0,"",.1,"","W",0,"9",.0,"9",.2,"",.8,"",.0,"9",.0,"9",.0,"9",.0,"9",.0,"9",.0,"9",.0,"9",.0,"9",.0,"9",.0,"9",.0,"9",.0,"9",.0,"9",.0,"9",.0,"9",0,"",0,"","R",0,"9",0,"9",0,"8"
"353140205","SZCZECIN","2018","10","28",8.5,"",4.4,"",6.2,"",3.2,"",.0,"9","",0,"9",.0,"9",2.5,"",.1,"",.0,"9",.0,"9",.0,"9",.0,"9",.0,"9",.0,"9",.0,"9",.0,"9",.0,"9",.0,"9",.0,"9",.0,"9",.0,"9",.0,"9",.0,"9",0,"",0,"","R",0,"9",0,"9",0,"8"
"353140205","SZCZECIN","2018","10","29",6.5,"",4.0,"",5.0,"",3.7,"",.0,"9","",0,"9",.0,"9",.0,"9",.0,"9",.0,"9",.0,"9",.0,"9",.0,"9",1.8,"",.0,"9",.0,"9",.0,"9",.0,"9",.0,"9",.0,"9",.0,"9",.0,"9",.0,"9",.0,"9",0,"",0,"","R",0,"9",0,"9",0,"8"
"353140205","SZCZECIN","2018","10","30",22.2,"",4.1,"",14.5,"",4.0,"",.1,"","W",0,"9",.0,"9",4.3,"",.3,"",.0,"9",.0,"9",.0,"9",.0,"9",4.2,"",.0,"9",.0,"9",.0,"9",.0,"9",.0,"9",6.2,"",.0,"9",.0,"9",.0,"9",.0,"9",0,"",0,"","R",0,"9",0,"9",0,"8"
"353140205","SZCZECIN","2018","10","31",14.2,"",3.5,"",8.3,"",-1.0,"",.0,"9","",0,"9",.0,"9",9.1,"",.0,"9",.0,"9",.0,"9",.0,"9",.0,"9",.0,"9",.0,"9",.0,"9",.0,"9",.0,"9",.0,"9",.0,"9",.0,"9",.0,"9",.0,"9",.0,"9",0,"",0,"","R",0,"9",0,"9",0,"8"
"353140205","SZCZECIN","2018","11","01",13.1,"",2.4,"",7.8,"",.1,"",.0,"9","",0,"9",.0,"9",3.0,"",.0,"9",.0,"9",.0,"9",.0,"9",.0,"9",4.0,"",.0,"9",.0,"9",.0,"9",.0,"9",.0,"9",.0,"9",.0,"9",.0,"9",.0,"9",.0,"9",0,"",0,"","R",0,"9",0,"9",0,"8"
"353140205","SZCZECIN","2018","11","02",14.2,"",7.3,"",9.7,"",1.3,"",.0,"9","",0,"9",.0,"9",6.8,"",.0,"9",.0,"9",.0,"9",.0,"9",.0,"9",.0,"9",.0,"9",.0,"9",.0,"9",.0,"9",.0,"9",.0,"9",.0,"9",.0,"9",.0,"9",.0,"9",0,"",0,"","R",0,"9",0,"9",0,"8"
"353140205","SZCZECIN","2018","11","03",11.8,"",4.5,"",6.2,"",.5,"",.0,"9","",0,"9",.0,"9",3.2,"",.0,"9",.0,"9",.0,"9",.0,"9",.0,"9",8.0,"",.0,"9",.0,"9",.0,"9",.0,"9",.0,"9",.0,"9",.0,"9",.0,"9",.0,"9",.0,"9",0,"",0,"","R",0,"9",0,"9",0,"8"
"353140205","SZCZECIN","2018","11","04",10.5,"",-1.2,"",7.1,"",-3.2,"",.0,"","W",0,"9",.0,"9",.0,"9",2.0,"",.0,"9",.0,"9",.0,"9",.0,"9",13.5,"",.0,"9",.0,"9",.0,"9",.0,"9",.0,"9",.0,"9",.0,"9",.0,"9",.0,"9",.0,"9",0,"",0,"","R",0,"9",0,"9",0,"8"
"353140205","SZCZECIN","2018","11","05",15.0,"",9.7,"",11.7,"",9.6,"",.0,"9","",0,"9",.0,"9",4.0,"",.0,"9",.0,"9",.0,"9",.0,"9",.0,"9",21.5,"",.0,"9",.0,"9",.0,"9",.0,"9",.0,"9",.0,"9",.0,"9",.0,"9",.0,"9",.0,"9",0,"",0,"","R",0,"9",0,"9",0,"8"
"353140205","SZCZECIN","2018","11","06",16.8,"",7.2,"",11.1,"",3.7,"",.0,"9","",0,"9",.0,"9",8.3,"",.0,"9",.0,"9",.0,"9",.0,"9",.0,"9",7.5,"",.0,"9",.0,"9",.0,"9",.0,"9",.0,"9",.0,"9",.0,"9",.0,"9",.0,"9",.0,"9",0,"",0,"","R",0,"9",0,"9",0,"8"
"353140205","SZCZECIN","2018","11","07",15.8,"",6.5,"",9.3,"",3.6,"",.0,"9","",0,"9",.0,"9",7.7,"",.0,"9",.0,"9",.0,"9",.0,"9",2.1,"",14.6,"",.0,"9",.0,"9",.0,"9",.0,"9",.0,"9",.0,"9",.0,"9",.0,"9",.0,"9",.0,"9",0,"",0,"","R",0,"9",0,"9",0,"8"
"353140205","SZCZECIN","2018","11","08",8.8,"",1.0,"",5.2,"",.1,"",.1,"","W",0,"9",.0,"9",.0,"9",.0,"9",.0,"9",.0,"9",.0,"9",19.0,"",5.0,"",.0,"9",.0,"9",.0,"9",.0,"9",.0,"9",.0,"9",.0,"9",.0,"9",.0,"9",.0,"9",0,"",0,"","R",0,"9",0,"9",0,"8"
"353140205","SZCZECIN","2018","11","09",8.5,"",4.3,"",7.1,"",1.0,"",.1,"","W",0,"9",.0,"9",.0,"9",.5,"",.0,"9",.0,"9",.0,"9",8.3,"",15.8,"",.0,"9",.0,"9",.0,"9",.0,"9",.0,"9",.0,"9",.0,"9",.0,"9",.0,"9",.0,"9",0,"",0,"","R",0,"9",0,"9",0,"8"
"353140205","SZCZECIN","2018","11","10",10.5,"",6.0,"",8.2,"",2.1,"",.0,"9","",0,"9",.0,"9",.0,"9",.0,"9",.0,"9",.0,"9",.0,"9",.0,"9",24.0,"",.0,"9",.0,"9",.0,"9",.0,"9",.0,"9",.0,"9",.0,"9",.0,"9",.0,"9",.0,"9",0,"",0,"","R",0,"9",0,"9",0,"8"
"353140205","SZCZECIN","2018","11","11",9.3,"",6.3,"",7.9,"",3.6,"",1.1,"","W",0,"9",.0,"9",.0,"9",2.1,"",.0,"9",.0,"9",.0,"9",.0,"9",22.5,"",.0,"9",.0,"9",.0,"9",.0,"9",.0,"9",.0,"9",.0,"9",.0,"9",.0,"9",.0,"9",0,"",0,"","R",0,"9",0,"9",0,"8"
"353140205","SZCZECIN","2018","11","12",14.2,"",6.0,"",11.1,"",2.5,"",.0,"","W",0,"9",.0,"9",.3,"",3.1,"",.0,"9",.0,"9",.0,"9",.0,"9",3.3,"",.0,"9",.0,"9",.0,"9",.0,"9",.0,"9",.0,"9",.0,"9",.0,"9",.0,"9",.0,"9",0,"",0,"","R",0,"9",0,"9",0,"8"
"353140205","SZCZECIN","2018","11","13",13.6,"",9.1,"",10.0,"",8.3,"",5.8,"","W",0,"9",.0,"9",.0,"9",9.3,"",.0,"9",.0,"9",.0,"9",.0,"9",11.0,"",.0,"9",.0,"9",.0,"9",.0,"9",.0,"9",.0,"9",.0,"9",.0,"9",.0,"9",.0,"9",0,"",0,"","R",0,"9",0,"9",0,"8"
"353140205","SZCZECIN","2018","11","14",10.8,"",6.5,"",8.5,"",5.9,"",.0,"9","",0,"9",.0,"9",.0,"9",.0,"9",.0,"9",.0,"9",.0,"9",.0,"9",6.5,"",.0,"9",.0,"9",.0,"9",.0,"9",.0,"9",.0,"9",.0,"9",.0,"9",.0,"9",.0,"9",0,"",0,"","R",0,"9",0,"9",0,"8"
"353140205","SZCZECIN","2018","11","15",8.9,"",2.2,"",5.1,"",-.2,"",.0,"9","",0,"9",.0,"9",3.9,"",.0,"9",.0,"9",.0,"9",.0,"9",3.4,"",20.6,"",.0,"9",.0,"9",.0,"9",.0,"9",.0,"9",.0,"9",.0,"9",.0,"9",.0,"9",.0,"9",0,"",0,"","R",0,"9",0,"9",0,"8"
"353140205","SZCZECIN","2018","11","16",8.6,"",-3.0,"",3.2,"",-4.6,"",.0,"9","",0,"9",.0,"9",8.0,"",.0,"9",.0,"9",.0,"9",.0,"9",.0,"9",9.5,"",.0,"9",.0,"9",.0,"9",.0,"9",.0,"9",.0,"9",.0,"9",.0,"9",.0,"9",.0,"9",0,"",0,"","Z",1,"",0,"9",0,"8"
"353140205","SZCZECIN","2018","11","17",6.1,"",-1.7,"",1.3,"",-5.1,"",.0,"9","",0,"9",.0,"9",7.7,"",.0,"9",.0,"9",.0,"9",.0,"9",.0,"9",16.8,"",.0,"9",.0,"9",.0,"9",.0,"9",.0,"9",.0,"9",.0,"9",.0,"9",.0,"9",.0,"9",0,"",0,"","Z",1,"",0,"9",0,"8"
"353140205","SZCZECIN","2018","11","18",6.4,"",-6.8,"",.2,"",-8.5,"",.2,"","W",0,"9",.0,"9",.0,"9",3.0,"",.0,"9",.0,"9",.0,"9",.0,"9",17.5,"",.0,"9",.0,"9",.0,"9",.0,"9",.0,"9",.0,"9",.0,"9",.0,"9",.0,"9",5.5,"",0,"",0,"","Z",5,"",0,"9",0,"8"
"353140205","SZCZECIN","2018","11","19",5.7,"",2.5,"",4.4,"",-.8,"",.1,"","W",0,"9",.0,"9",.2,"",.2,"",.0,"9",.0,"9",.0,"9",.0,"9",.0,"9",.0,"9",.0,"9",.0,"9",.0,"9",.0,"9",.0,"9",.0,"9",.0,"9",.0,"9",.0,"9",0,"",0,"","R",0,"9",0,"9",0,"8"
"353140205","SZCZECIN","2018","11","20",4.8,"",1.4,"",2.7,"",-.1,"",.0,"9","",0,"9",.0,"9",1.9,"",.0,"9",.0,"9",.0,"9",.0,"9",.0,"9",.0,"9",.0,"9",.0,"9",.0,"9",.0,"9",.0,"9",.0,"9",.0,"9",.0,"9",.0,"9",.0,"9",0,"",0,"","R",0,"9",0,"9",0,"8"
"353140205","SZCZECIN","2018","11","21",1.5,"",-1.0,"",.2,"",-2.1,"",.0,"9","",0,"9",.0,"9",.0,"9",.0,"9",.0,"9",.0,"9",.0,"9",.0,"9",.0,"9",.0,"9",.0,"9",.0,"9",.0,"9",.0,"9",.0,"9",.0,"9",.0,"9",.0,"9",.0,"9",0,"",0,"","Z",1,"",0,"9",0,"8"
"353140205","SZCZECIN","2018","11","22",.8,"",-.8,"",-.2,"",-.8,"",.0,"9","",0,"9",.0,"9",.0,"9",.0,"9",.0,"9",.0,"9",.0,"9",.0,"9",9.3,"",.0,"9",.0,"9",.0,"9",.0,"9",.0,"9",.0,"9",.0,"9",.0,"9",.0,"9",.0,"9",0,"",0,"","R",0,"9",0,"9",0,"8"
"353140205","SZCZECIN","2018","11","23",1.8,"",-.3,"",.9,"",-.3,"",.0,"9","",0,"9",.0,"9",.0,"9",.0,"9",.0,"9",.0,"9",.0,"9",.0,"9",24.0,"",.0,"9",.0,"9",.0,"9",.0,"9",.0,"9",.0,"9",.0,"9",.0,"9",.0,"9",.0,"9",0,"",0,"","R",0,"9",0,"9",0,"8"
"353140205","SZCZECIN","2018","11","24",3.7,"",1.7,"",2.9,"",1.8,"",.0,"","W",0,"9",.0,"9",.0,"9",.0,"9",.0,"9",.0,"9",.0,"9",.0,"9",24.0,"",.0,"9",.0,"9",.0,"9",.0,"9",.0,"9",.0,"9",.0,"9",.0,"9",.0,"9",.0,"9",0,"",0,"","R",0,"9",0,"9",0,"8"
"353140205","SZCZECIN","2018","11","25",4.8,"",.3,"",2.5,"",-3.9,"",.0,"","W",0,"9",.0,"9",.0,"9",3.1,"",.0,"9",.0,"9",.0,"9",1.0,"",23.0,"",.0,"9",.0,"9",.0,"9",.0,"9",.0,"9",.0,"9",.0,"9",.0,"9",.0,"9",.0,"9",0,"",0,"","R",0,"9",0,"9",0,"8"
"353140205","SZCZECIN","2018","11","26",3.1,"",-4.9,"",-1.1,"",-7.4,"",.0,"9","",0,"9",.0,"9",.0,"9",.0,"9",.0,"9",.0,"9",.0,"9",3.0,"",21.0,"",.0,"9",.0,"9",.0,"9",.0,"9",.0,"9",.0,"9",.0,"9",.0,"9",.0,"9",.0,"9",0,"",0,"","Z",1,"",0,"9",0,"8"
"353140205","SZCZECIN","2018","11","27",1.6,"",-6.5,"",-1.3,"",-9.0,"",.0,"9","",0,"9",.0,"9",.0,"9",.0,"9",.0,"9",.0,"9",.0,"9",.0,"9",16.8,"",.0,"9",.0,"9",.0,"9",.0,"9",.0,"9",.0,"9",.0,"9",.0,"9",.0,"9",4.0,"",0,"",0,"","Z",1,"",0,"9",0,"8"
"353140205","SZCZECIN","2018","11","28",3.6,"",-5.5,"",-1.0,"",-8.0,"",.0,"9","",0,"9",.0,"9",7.4,"",.0,"9",.0,"9",.0,"9",.0,"9",.0,"9",15.0,"",.0,"9",.0,"9",.0,"9",.0,"9",.0,"9",.0,"9",.0,"9",.0,"9",.0,"9",.0,"9",0,"",0,"","Z",5,"",0,"9",0,"8"
"353140205","SZCZECIN","2018","11","29",.6,"",-2.1,"",-.9,"",-2.8,"",.0,"9","",0,"9",.0,"9",4.5,"",.0,"9",.0,"9",.0,"9",.0,"9",.0,"9",3.5,"",.0,"9",.0,"9",.0,"9",.0,"9",.0,"9",.0,"9",.0,"9",.0,"9",.0,"9",.0,"9",0,"",0,"","Z",6,"",0,"9",0,"8"
"353140205","SZCZECIN","2018","11","30",1.5,"",-1.6,"",.0,"",-2.3,"",4.1,"","W",0,"9",.0,"9",.0,"9",5.0,"",.0,"9",.0,"9",.0,"9",.0,"9",3.3,"",.0,"9",7.6,"",.0,"9",.0,"9",.0,"9",.0,"9",.0,"9",.0,"9",.0,"9",.0,"9",0,"",0,"","Z",7,"",0,"9",0,"8"
"353140205","SZCZECIN","2018","12","01",2.5,"",-1.1,"",.6,"",-1.2,"",.0,"9","",0,"9",.0,"9",.0,"9",5.6,"",.0,"9",.0,"9",.0,"9",.0,"9",24.0,"",.0,"9",11.5,"",.0,"9",.0,"9",.0,"9",.0,"9",.0,"9",.0,"9",.0,"9",.0,"9",0,"",0,"","Z",1,"",0,"9",0,"8"
"353140205","SZCZECIN","2018","12","02",6.0,"",2.5,"",4.6,"",.0,"",2.4,"","W",0,"9",.0,"9",.0,"9",5.8,"",.0,"9",.0,"9",.0,"9",.0,"9",14.8,"",.0,"9",.0,"9",.0,"9",.0,"9",.0,"9",.0,"9",.0,"9",.0,"9",.0,"9",.0,"9",0,"",0,"","R",0,"9",0,"9",0,"8"
"353140205","SZCZECIN","2018","12","03",11.5,"",5.1,"",9.9,"",4.8,"",3.7,"","W",0,"9",.0,"9",.0,"9",3.2,"",.0,"9",.0,"9",.0,"9",.0,"9",10.5,"",.0,"9",.0,"9",.0,"9",.0,"9",.0,"9",.0,"9",.0,"9",.0,"9",.0,"9",.0,"9",0,"",0,"","R",0,"9",0,"9",0,"8"
"353140205","SZCZECIN","2018","12","04",10.0,"",4.0,"",6.2,"",2.8,"",.0,"9","",0,"9",.0,"9",2.9,"",1.3,"",.0,"9",.0,"9",.0,"9",.0,"9",.0,"9",.0,"9",.0,"9",.0,"9",.0,"9",.0,"9",.0,"9",.0,"9",.0,"9",.0,"9",.0,"9",0,"",0,"","R",0,"9",0,"9",0,"8"
"353140205","SZCZECIN","2018","12","05",5.6,"",-.1,"",1.9,"",-4.6,"",.0,"9","",0,"9",.0,"9",5.9,"",.0,"9",.0,"9",.0,"9",.0,"9",.0,"9",.0,"9",.0,"9",.0,"9",.0,"9",.0,"9",.0,"9",.0,"9",.0,"9",.0,"9",.0,"9",.0,"9",0,"",0,"","R",0,"9",0,"9",0,"8"
"353140205","SZCZECIN","2018","12","06",4.7,"",-.3,"",3.8,"",-5.8,"",1.8,"","W",0,"9",.0,"9",.0,"9",2.5,"",.0,"9",.0,"9",.0,"9",.0,"9",5.8,"",.0,"9",.0,"9",.0,"9",.0,"9",.0,"9",.0,"9",.0,"9",.0,"9",.0,"9",.0,"9",0,"",0,"","",0,"9",0,"9",0,"8"
"353140205","SZCZECIN","2018","12","07",11.4,"",4.1,"",9.9,"",4.0,"",10.4,"","W",0,"9",.0,"9",.0,"9",13.5,"",.0,"9",.0,"9",.0,"9",.0,"9",16.7,"",.0,"9",.0,"9",.0,"9",.0,"9",.0,"9",.0,"9",.0,"9",.0,"9",.0,"9",.0,"9",0,"",0,"","R",0,"9",0,"9",0,"8"
"353140205","SZCZECIN","2018","12","08",10.7,"",5.4,"",7.2,"",4.7,"",1.8,"","W",0,"9",.0,"9",.0,"9",1.9,"",.0,"9",.0,"9",.0,"9",.0,"9",1.2,"",.0,"9",.0,"9",.0,"9",.0,"9",.0,"9",.0,"9",.0,"9",.0,"9",.0,"9",.0,"9",0,"",0,"","R",0,"9",0,"9",0,"8"
"353140205","SZCZECIN","2018","12","09",8.2,"",5.9,"",6.6,"",5.3,"",8.0,"","W",0,"9",.0,"9",.0,"9",6.0,"",.0,"9",.0,"9",.0,"9",.0,"9",.0,"9",.0,"9",.0,"9",.0,"9",.0,"9",.0,"9",.0,"9",.0,"9",.0,"9",.0,"9",.0,"9",0,"",0,"","R",0,"9",0,"9",0,"8"
"353140205","SZCZECIN","2018","12","10",6.4,"",2.7,"",4.3,"",1.9,"",5.0,"","W",0,"9",.0,"9",.6,"",3.4,"",.0,"9",.0,"9",.0,"9",.0,"9",.0,"9",.0,"9",.0,"9",.0,"9",.0,"9",.0,"9",.0,"9",.0,"9",.0,"9",.0,"9",.0,"9",0,"",0,"","R",0,"9",0,"9",0,"8"
"353140205","SZCZECIN","2018","12","11",4.4,"",2.4,"",3.5,"",1.6,"",3.4,"","W",0,"9",.0,"9",.4,"",8.2,"",.0,"9",.0,"9",.0,"9",.0,"9",7.3,"",.0,"9",.0,"9",.0,"9",.0,"9",.0,"9",.0,"9",.0,"9",.0,"9",.0,"9",.0,"9",0,"",0,"","R",0,"9",0,"9",0,"8"
"353140205","SZCZECIN","2018","12","12",4.3,"",.6,"",2.6,"",-1.2,"",.0,"9","",0,"9",.0,"9",3.0,"",.0,"9",.0,"9",.0,"9",.0,"9",.0,"9",3.3,"",.0,"9",.0,"9",.0,"9",.0,"9",.0,"9",.0,"9",.0,"9",.0,"9",.0,"9",.0,"9",0,"",0,"","R",0,"9",0,"9",0,"8"
"353140205","SZCZECIN","2018","12","13",3.2,"",-1.4,"",.8,"",-3.9,"",.0,"","S",0,"9",.0,"9",.0,"9",.0,"9",.0,"9",.0,"9",.0,"9",.0,"9",12.5,"",.0,"9",.0,"9",.0,"9",.0,"9",.0,"9",.0,"9",.0,"9",.0,"9",.0,"9",.0,"9",0,"",0,"","",0,"9",0,"9",0,"8"
"353140205","SZCZECIN","2018","12","14",1.3,"",-.6,"",-.1,"",-.7,"",.0,"","S",0,"9",.0,"9",.0,"9",.0,"9",.1,"",.0,"9",.0,"9",.0,"9",6.0,"",.0,"9",.0,"9",.0,"9",.0,"9",.0,"9",.0,"9",.0,"9",.0,"9",.0,"9",.0,"9",0,"",0,"","",0,"9",0,"9",0,"8"
"353140205","SZCZECIN","2018","12","15",.7,"",-2.8,"",-.4,"",-4.5,"",.0,"","S",0,"9",.0,"9",.0,"9",.0,"9",6.4,"",.0,"9",.0,"9",.0,"9",18.5,"",.0,"9",.0,"9",.0,"9",.0,"9",.0,"9",.0,"9",.0,"9",.0,"9",.0,"9",.0,"9",0,"",0,"","",1,"",0,"9",0,"8"
"353140205","SZCZECIN","2018","12","16",.5,"",-1.7,"",-.8,"",-3.6,"",.0,"","S",0,"9",.0,"9",.6,"",.0,"9",.0,"9",.0,"9",.0,"9",.0,"9",2.5,"",.0,"9",.0,"9",.0,"9",.0,"9",.0,"9",.0,"9",.0,"9",.0,"9",.0,"9",.0,"9",0,"",0,"","",1,"",0,"9",0,"8"
"353140205","SZCZECIN","2018","12","17",.1,"",-2.0,"",-.8,"",-2.8,"",.7,"","S",0,"9",.0,"9",.0,"9",.0,"9",3.0,"",.0,"9",.0,"9",.0,"9",19.5,"",.0,"9",.0,"9",.0,"9",.0,"9",.0,"9",.0,"9",.0,"9",.0,"9",.0,"9",.0,"9",0,"",0,"","Z",1,"",0,"9",0,"8"
"353140205","SZCZECIN","2018","12","18",2.4,"",-.5,"",1.1,"",-.5,"",1.4,"","W",0,"9",.0,"9",.0,"9",7.0,"",.2,"",.0,"9",.0,"9",2.4,"",21.6,"",.0,"9",.0,"9",.0,"9",.0,"9",.0,"9",.0,"9",.0,"9",.0,"9",.0,"9",.0,"9",0,"",0,"","R",0,"9",0,"9",0,"8"
"353140205","SZCZECIN","2018","12","19",2.4,"",.8,"",1.4,"",.2,"",.1,"","W",0,"9",.0,"9",.0,"9",2.5,"",.0,"9",.0,"9",.0,"9",.0,"9",24.0,"",.0,"9",.0,"9",.0,"9",.0,"9",.0,"9",.0,"9",.0,"9",.0,"9",.0,"9",.0,"9",0,"",0,"","R",0,"9",0,"9",0,"8"
"353140205","SZCZECIN","2018","12","20",3.2,"",1.2,"",2.5,"",1.0,"",1.0,"","W",0,"9",.0,"9",.0,"9",4.4,"",.0,"9",.0,"9",.0,"9",.0,"9",24.0,"",.0,"9",.0,"9",.0,"9",.0,"9",.0,"9",.0,"9",.0,"9",.0,"9",.0,"9",.0,"9",0,"",0,"","R",0,"9",0,"9",0,"8"
"353140205","SZCZECIN","2018","12","21",6.4,"",2.9,"",5.1,"",2.7,"",3.8,"","W",0,"9",.0,"9",.0,"9",9.2,"",.0,"9",.0,"9",.0,"9",.0,"9",14.8,"",.0,"9",.0,"9",.0,"9",.0,"9",.0,"9",.0,"9",.0,"9",.0,"9",.0,"9",.0,"9",0,"",0,"","R",0,"9",0,"9",0,"8"
"353140205","SZCZECIN","2018","12","22",9.2,"",3.8,"",5.7,"",3.8,"",.1,"","W",0,"9",.0,"9",.0,"9",1.8,"",.0,"9",.0,"9",.0,"9",.0,"9",4.3,"",.0,"9",.0,"9",.0,"9",.0,"9",.0,"9",.2,"",.0,"9",.0,"9",.0,"9",.0,"9",0,"",0,"","R",0,"9",0,"9",0,"8"
"353140205","SZCZECIN","2018","12","23",7.2,"",2.9,"",4.5,"",2.7,"",5.3,"","S",0,"9",.0,"9",.0,"9",5.5,"",.0,"9",.0,"9",.0,"9",.0,"9",10.5,"",.0,"9",.0,"9",.0,"9",.0,"9",.0,"9",.0,"9",.0,"9",.0,"9",.0,"9",.0,"9",0,"",0,"","R",0,"9",0,"9",0,"8"
"353140205","SZCZECIN","2018","12","24",4.4,"",-.3,"",1.0,"",.1,"",.1,"","S",0,"9",.0,"9",.0,"9",.0,"9",.1,"",.5,"",.0,"9",.0,"9",.0,"9",.0,"9",.0,"9",.0,"9",.0,"9",.0,"9",.0,"9",.0,"9",.0,"9",.0,"9",.0,"9",0,"",0,"","R",0,"9",0,"9",0,"8"
"353140205","SZCZECIN","2018","12","25",6.4,"",.6,"",4.9,"",.2,"",.2,"","W",0,"9",.0,"9",.0,"9",2.9,"",.0,"9",.0,"9",.0,"9",.0,"9",.0,"9",.0,"9",.0,"9",.0,"9",.0,"9",.0,"9",.0,"9",.0,"9",.0,"9",.0,"9",.0,"9",0,"",0,"","R",0,"9",0,"9",0,"8"
"353140205","SZCZECIN","2018","12","26",7.0,"",5.7,"",6.6,"",4.4,"",.3,"","W",0,"9",.0,"9",.0,"9",2.6,"",.0,"9",.0,"9",.0,"9",.0,"9",4.5,"",.0,"9",.0,"9",.0,"9",.0,"9",.0,"9",.0,"9",.0,"9",.0,"9",.0,"9",.0,"9",0,"",0,"","R",0,"9",0,"9",0,"8"
"353140205","SZCZECIN","2018","12","27",8.0,"",5.6,"",6.7,"",5.6,"",.1,"","W",0,"9",.0,"9",.0,"9",3.8,"",.0,"9",.0,"9",.0,"9",.0,"9",24.0,"",.0,"9",.0,"9",.0,"9",.0,"9",.0,"9",.0,"9",.0,"9",.0,"9",.0,"9",.0,"9",0,"",0,"","R",0,"9",0,"9",0,"8"
"353140205","SZCZECIN","2018","12","28",7.4,"",5.6,"",6.6,"",5.4,"",1.1,"","W",0,"9",.0,"9",.0,"9",1.8,"",.0,"9",.0,"9",.0,"9",.0,"9",5.5,"",.0,"9",.0,"9",.0,"9",.0,"9",.0,"9",.0,"9",.0,"9",.0,"9",.0,"9",.0,"9",0,"",0,"","R",0,"9",0,"9",0,"8"
"353140205","SZCZECIN","2018","12","29",7.3,"",5.1,"",6.3,"",4.8,"",2.9,"","W",0,"9",.0,"9",.0,"9",10.7,"",.0,"9",.0,"9",.0,"9",.0,"9",18.5,"",.0,"9",.0,"9",.0,"9",.0,"9",.0,"9",.0,"9",.0,"9",.0,"9",.0,"9",.0,"9",0,"",0,"","R",0,"9",0,"9",0,"8"
"353140205","SZCZECIN","2018","12","30",7.7,"",5.3,"",5.8,"",4.9,"",1.1,"","W",0,"9",.0,"9",.0,"9",8.3,"",.0,"9",.0,"9",.0,"9",.0,"9",8.2,"",.0,"9",.0,"9",.0,"9",.0,"9",.0,"9",.0,"9",.0,"9",.0,"9",.0,"9",.0,"9",0,"",0,"","R",0,"9",0,"9",0,"8"
"353140205","SZCZECIN","2018","12","31",5.5,"",.6,"",3.4,"",-2.8,"",.1,"","W",0,"9",.0,"9",.1,"",1.2,"",.0,"9",.0,"9",.0,"9",.0,"9",14.5,"",.0,"9",.0,"9",.0,"9",.0,"9",.0,"9",.0,"9",.0,"9",.0,"9",.0,"9",.0,"9",0,"",0,"","R",0,"9",0,"9",0,"8"
